time_s,controller,reference_deg,joint_deg,assist_torque_Nm
0.0,C1_no_assistance,59.99999999999999,60.01593453016414,0.0
0.01,C1_no_assistance,60.31414634623641,60.04715555186264,0.0
0.02,C1_no_assistance,60.628215181562574,60.09392560157459,0.0
0.03,C1_no_assistance,60.94212901419285,60.15489073998521,0.0
0.04,C1_no_assistance,61.25581039058626,60.22991028879202,0.0
0.05,C1_no_assistance,61.5691819145569,60.31886298501896,0.0
0.06,C1_no_assistance,61.88216626637028,60.421335416164915,0.0
0.07,C1_no_assistance,62.19468622182091,60.53672166238542,0.0
0.08,C1_no_assistance,62.50666467128608,60.66476010115208,0.0
0.09,C1_no_assistance,62.81802463875166,60.804994392457,0.0
0.1,C1_no_assistance,63.12868930080462,60.95670446344124,0.0
0.11,C1_no_assistance,63.43858200558819,61.11951513349349,0.0
0.12,C1_no_assistance,63.74762629171449,61.29315031671407,0.0
0.13,C1_no_assistance,64.05574590713024,61.47716002070127,0.0
0.14,C1_no_assistance,64.36286482793085,61.6710162546764,0.0
0.15,C1_no_assistance,64.66890727711811,61.87448882631876,0.0
0.16,C1_no_assistance,64.9737977432971,62.087050439938594,0.0
0.17,C1_no_assistance,65.27746099930746,62.30796801348566,0.0
0.18,C1_no_assistance,65.57982212078458,62.536998157319815,0.0
0.19,C1_no_assistance,65.88080650464607,62.774048687897135,0.0
0.2,C1_no_assistance,66.18033988749895,63.01839299926063,0.0
0.21,C1_no_assistance,66.478348363963,63.26926088233121,0.0
0.22,C1_no_assistance,66.77475840490582,63.52649059915014,0.0
0.23,C1_no_assistance,67.06949687558514,63.78962921366006,0.0
0.24,C1_no_assistance,67.36249105369356,64.05802962466576,0.0
0.25,C1_no_assistance,67.6536686473018,64.33095556159783,0.0
0.26,C1_no_assistance,67.94295781269561,64.60876762261806,0.0
0.27,C1_no_assistance,68.23028717210218,64.89046337098038,0.0
0.28,C1_no_assistance,68.51558583130145,65.17642012112289,0.0
0.29,C1_no_assistance,68.7987833971183,65.46582872957386,0.0
0.3,C1_no_assistance,69.07980999479093,65.75870581708661,0.0
0.31,C1_no_assistance,69.35859628521146,66.05394175393346,0.0
0.32,C1_no_assistance,69.6350734820343,66.35135857518749,0.0
0.33,C1_no_assistance,69.90917336864815,66.65054046593809,0.0
0.34,C1_no_assistance,70.18082831500743,66.9517529560259,0.0
0.35000000000000003,C1_no_assistance,70.44997129431897,67.25419921231119,0.0
0.36,C1_no_assistance,70.71653589957994,67.55791894320268,0.0
0.37,C1_no_assistance,70.98045635996263,67.86257360881356,0.0
0.38,C1_no_assistance,71.2416675570426,68.16757710587275,0.0
0.39,C1_no_assistance,71.50010504086558,68.47254270831125,0.0
0.4,C1_no_assistance,71.75570504584947,68.7773987559893,0.0
0.41000000000000003,C1_no_assistance,72.00840450651768,69.08211427049845,0.0
0.42,C1_no_assistance,72.25814107305955,69.3864684549029,0.0
0.43,C1_no_assistance,72.5048531267141,69.68953895250763,0.0
0.44,C1_no_assistance,72.74847979497379,69.99135324853572,0.0
0.45,C1_no_assistance,72.98896096660367,70.29164958192877,0.0
0.46,C1_no_assistance,73.22623730647304,70.58979372102621,0.0
0.47000000000000003,C1_no_assistance,73.46025027019547,70.88646793975424,0.0
0.48,C1_no_assistance,73.69094211857377,71.18047390228459,0.0
0.49,C1_no_assistance,73.91825593184629,71.47148857890538,0.0
0.5,C1_no_assistance,74.14213562373095,71.7598157234995,0.0
0.51,C1_no_assistance,74.36252595526378,72.04552112703227,0.0
0.52,C1_no_assistance,74.57937254842824,72.3288614822152,0.0
0.53,C1_no_assistance,74.7926218995722,72.60916791098091,0.0
0.54,C1_no_assistance,75.00222139260919,72.8867001637426,0.0
0.55,C1_no_assistance,75.20811931200062,73.16116291106462,0.0
0.56,C1_no_assistance,75.41026485551578,73.432474523215,0.0
0.5700000000000001,C1_no_assistance,75.6086081467666,73.70031336959585,0.0
0.58,C1_no_assistance,75.80310024751381,73.96425338097328,0.0
0.59,C1_no_assistance,75.99369316974182,74.22471127014848,0.0
0.6,C1_no_assistance,76.18033988749895,74.48166657785913,0.0
0.61,C1_no_assistance,76.36299434850046,74.73497864342833,0.0
0.62,C1_no_assistance,76.54161148549125,74.98449829958768,0.0
0.63,C1_no_assistance,76.71614722736541,75.23022625812435,0.0
0.64,C1_no_assistance,76.8865585100403,75.47187918798164,0.0
0.65,C1_no_assistance,77.05280328708184,75.7087073466019,0.0
0.66,C1_no_assistance,77.21484054007888,75.94118454870133,0.0
0.67,C1_no_assistance,77.37263028876382,76.16896622810815,0.0
0.68,C1_no_assistance,77.52613360087727,76.39239650775478,0.0
0.6900000000000001,C1_no_assistance,77.67531260177387,76.61097456667191,0.0
0.7000000000000001,C1_no_assistance,77.82013048376736,76.82517794381745,0.0
0.71,C1_no_assistance,77.9605515152123,77.03460371567074,0.0
0.72,C1_no_assistance,78.0965410493204,77.23832828165429,0.0
0.73,C1_no_assistance,78.22806553270891,77.43715192197747,0.0
0.74,C1_no_assistance,78.35509251367962,77.63051856684542,0.0
0.75,C1_no_assistance,78.47759065022574,77.81858950178518,0.0
0.76,C1_no_assistance,78.59552971776503,78.00149898684388,0.0
0.77,C1_no_assistance,78.70888061659736,78.17934085525543,0.0
0.78,C1_no_assistance,78.81761537908451,78.35150377313639,0.0
0.79,C1_no_assistance,78.92170717655091,78.5183946892099,0.0
0.8,C1_no_assistance,79.02113032590307,78.67948494699985,0.0
0.81,C1_no_assistance,79.1158602959666,78.83541577359783,0.0
0.8200000000000001,C1_no_assistance,79.20587371353886,78.98591827613689,0.0
0.8300000000000001,C1_no_assistance,79.29114836915596,79.1308481889081,0.0
0.84,C1_no_assistance,79.37166322257262,79.27021555621542,0.0
0.85,C1_no_assistance,79.44739840795353,79.4044646326517,0.0
0.86,C1_no_assistance,79.51833523877494,79.53338544666983,0.0
0.87,C1_no_assistance,79.58445621243531,79.65681202022907,0.0
0.88,C1_no_assistance,79.64574501457378,79.77491317394548,0.0
0.89,C1_no_assistance,79.70218652309548,79.88721956229949,0.0
0.9,C1_no_assistance,79.75376681190276,79.99375996527225,0.0
0.91,C1_no_assistance,79.80047315433114,80.09526634226981,0.0
0.92,C1_no_assistance,79.84229402628955,80.19164754112431,0.0
0.93,C1_no_assistance,79.87921910910359,80.28271223395653,0.0
0.9400000000000001,C1_no_assistance,79.9112392920616,80.36803214355983,0.0
0.9500000000000001,C1_no_assistance,79.93834667466255,80.4470620165933,0.0
0.96,C1_no_assistance,79.96053456856544,80.5205380749045,0.0
0.97,C1_no_assistance,79.9777974992394,80.58827391264313,0.0
0.98,C1_no_assistance,79.99013120731463,80.650655492603,0.0
0.99,C1_no_assistance,79.99753264963321,80.70766214813538,0.0
1.0,C1_no_assistance,80.0,80.75954114519622,0.0
1.01,C1_no_assistance,79.99753264963321,80.80570984018192,0.0
1.02,C1_no_assistance,79.99013120731463,80.84590075445429,0.0
1.03,C1_no_assistance,79.9777974992394,80.88052056038894,0.0
1.04,C1_no_assistance,79.96053456856544,80.90907396473084,0.0
1.05,C1_no_assistance,79.93834667466255,80.93194844114635,0.0
1.06,C1_no_assistance,79.9112392920616,80.94923076670591,0.0
1.07,C1_no_assistance,79.87921910910359,80.96077808927001,0.0
1.08,C1_no_assistance,79.84229402628955,80.96662705099216,0.0
1.09,C1_no_assistance,79.80047315433114,80.96661650919094,0.0
1.1,C1_no_assistance,79.75376681190276,80.96134714508803,0.0
1.11,C1_no_assistance,79.70218652309548,80.95124708107957,0.0
1.12,C1_no_assistance,79.64574501457378,80.9356015110312,0.0
1.1300000000000001,C1_no_assistance,79.58445621243531,80.91464369830636,0.0
1.1400000000000001,C1_no_assistance,79.51833523877495,80.88821730464188,0.0
1.1500000000000001,C1_no_assistance,79.44739840795353,80.85586209105952,0.0
1.16,C1_no_assistance,79.37166322257262,80.81843049117431,0.0
1.17,C1_no_assistance,79.29114836915596,80.77539027245246,0.0
1.18,C1_no_assistance,79.20587371353886,80.72673210444934,0.0
1.19,C1_no_assistance,79.1158602959666,80.67264143007453,0.0
1.2,C1_no_assistance,79.02113032590307,80.61296645483283,0.0
1.21,C1_no_assistance,78.92170717655091,80.54820942339306,0.0
1.22,C1_no_assistance,78.81761537908451,80.47845252690408,0.0
1.23,C1_no_assistance,78.70888061659736,80.40321769909323,0.0
1.24,C1_no_assistance,78.59552971776503,80.3226474458256,0.0
1.25,C1_no_assistance,78.47759065022574,80.2365945113816,0.0
1.26,C1_no_assistance,78.35509251367962,80.14545501676425,0.0
1.27,C1_no_assistance,78.22806553270891,80.04885898551008,0.0
1.28,C1_no_assistance,78.0965410493204,79.94741609616875,0.0
1.29,C1_no_assistance,77.96055151521232,79.84137374180614,0.0
1.3,C1_no_assistance,77.82013048376736,79.73102130139245,0.0
1.31,C1_no_assistance,77.67531260177387,79.61608192566325,0.0
1.32,C1_no_assistance,77.52613360087727,79.49601821939615,0.0
1.33,C1_no_assistance,77.37263028876382,79.37153776774393,0.0
1.34,C1_no_assistance,77.21484054007888,79.24235752184384,0.0
1.35,C1_no_assistance,77.05280328708184,79.10777398966167,0.0
1.36,C1_no_assistance,76.8865585100403,78.96823104595697,0.0
1.37,C1_no_assistance,76.71614722736541,78.82351471519027,0.0
1.3800000000000001,C1_no_assistance,76.54161148549123,78.67449811376025,0.0
1.3900000000000001,C1_no_assistance,76.36299434850046,78.52162058523353,0.0
1.4000000000000001,C1_no_assistance,76.18033988749895,78.36373324444057,0.0
1.41,C1_no_assistance,75.99369316974182,78.20175049127678,0.0
1.42,C1_no_assistance,75.80310024751381,78.03525425353392,0.0
1.43,C1_no_assistance,75.6086081467666,77.86425493943933,0.0
1.44,C1_no_assistance,75.41026485551578,77.68913647090793,0.0
1.45,C1_no_assistance,75.20811931200062,77.50920897100924,0.0
1.46,C1_no_assistance,75.00222139260919,77.32455272996457,0.0
1.47,C1_no_assistance,74.7926218995722,77.13553258019208,0.0
1.48,C1_no_assistance,74.57937254842822,76.94237321548106,0.0
1.49,C1_no_assistance,74.36252595526378,76.7450581732131,0.0
1.5,C1_no_assistance,74.14213562373095,76.54400843766105,0.0
1.51,C1_no_assistance,73.91825593184629,76.33900513925647,0.0
1.52,C1_no_assistance,73.69094211857377,76.13005557965637,0.0
1.53,C1_no_assistance,73.46025027019547,75.91742331543026,0.0
1.54,C1_no_assistance,73.22623730647304,75.70065603961841,0.0
1.55,C1_no_assistance,72.98896096660367,75.48047699536593,0.0
1.56,C1_no_assistance,72.7484797949738,75.25663246637606,0.0
1.57,C1_no_assistance,72.5048531267141,75.02968473430988,0.0
1.58,C1_no_assistance,72.25814107305955,74.79885725614784,0.0
1.59,C1_no_assistance,72.00840450651768,74.56414939375756,0.0
1.6,C1_no_assistance,71.75570504584947,74.32567111224425,0.0
1.61,C1_no_assistance,71.50010504086556,74.08283738995199,0.0
1.62,C1_no_assistance,71.2416675570426,73.83633511415745,0.0
1.6300000000000001,C1_no_assistance,70.98045635996263,73.58678174195582,0.0
1.6400000000000001,C1_no_assistance,70.71653589957994,73.33318437478388,0.0
1.6500000000000001,C1_no_assistance,70.44997129431897,73.07668475596796,0.0
1.6600000000000001,C1_no_assistance,70.18082831500742,72.81683393974573,0.0
1.67,C1_no_assistance,69.90917336864815,72.55372195450403,0.0
1.68,C1_no_assistance,69.63507348203431,72.28788989206117,0.0
1.69,C1_no_assistance,69.35859628521146,72.0187292247761,0.0
1.7,C1_no_assistance,69.07980999479093,71.74662914947196,0.0
1.71,C1_no_assistance,68.79878339711831,71.47159716943516,0.0
1.72,C1_no_assistance,68.51558583130145,71.19406478729897,0.0
1.73,C1_no_assistance,68.23028717210218,70.91351443495905,0.0
1.74,C1_no_assistance,67.94295781269561,70.63065670522525,0.0
1.75,C1_no_assistance,67.6536686473018,70.3458009968953,0.0
1.76,C1_no_assistance,67.36249105369356,70.05805828055607,0.0
1.77,C1_no_assistance,67.06949687558514,69.76805540502546,0.0
1.78,C1_no_assistance,66.77475840490582,69.475715847282,0.0
1.79,C1_no_assistance,66.478348363963,69.18056992319755,0.0
1.8,C1_no_assistance,66.18033988749895,68.88295057903323,0.0
1.81,C1_no_assistance,65.88080650464609,68.58309300261638,0.0
1.82,C1_no_assistance,65.57982212078458,68.28095231200592,0.0
1.83,C1_no_assistance,65.27746099930745,67.97713287204364,0.0
1.84,C1_no_assistance,64.9737977432971,67.67126309371334,0.0
1.85,C1_no_assistance,64.66890727711811,67.3633246766566,0.0
1.86,C1_no_assistance,64.36286482793085,67.05351042936601,0.0
1.87,C1_no_assistance,64.05574590713024,66.74217901712909,0.0
1.8800000000000001,C1_no_assistance,63.74762629171449,66.43040971512217,0.0
1.8900000000000001,C1_no_assistance,63.43858200558819,66.11696190317261,0.0
1.9000000000000001,C1_no_assistance,63.12868930080462,65.80204610294062,0.0
1.9100000000000001,C1_no_assistance,62.81802463875166,65.48587596388727,0.0
1.92,C1_no_assistance,62.50666467128608,65.16818812440259,0.0
1.93,C1_no_assistance,62.19468622182092,64.84921899070636,0.0
1.94,C1_no_assistance,61.88216626637028,64.52906531644332,0.0
1.95,C1_no_assistance,61.5691819145569,64.2082886193935,0.0
1.96,C1_no_assistance,61.25581039058626,63.886925867301144,0.0
1.97,C1_no_assistance,60.94212901419285,63.56449878130417,0.0
1.98,C1_no_assistance,60.628215181562574,63.241176493013384,0.0
1.99,C1_no_assistance,60.31414634623641,62.91701991079861,0.0
2.0,C1_no_assistance,59.99999999999999,62.59210159570222,0.0
2.0100000000000002,C1_no_assistance,59.68585365376358,62.26643254179395,0.0
2.02,C1_no_assistance,59.37178481843745,61.94020671728298,0.0
2.0300000000000002,C1_no_assistance,59.05787098580715,61.61346800063092,0.0
2.04,C1_no_assistance,58.74418960941372,61.2862696809035,0.0
2.05,C1_no_assistance,58.430818085443114,60.95850246355258,0.0
2.06,C1_no_assistance,58.11783373362971,60.63067741037259,0.0
2.07,C1_no_assistance,57.8053137781791,60.30248917447294,0.0
2.08,C1_no_assistance,57.493335328713904,59.97407522434917,0.0
2.09,C1_no_assistance,57.181975361248355,59.64567867245011,0.0
2.1,C1_no_assistance,56.871310699195384,59.31754563888901,0.0
2.11,C1_no_assistance,56.56141799441181,58.989502256702,0.0
2.12,C1_no_assistance,56.2523737082855,58.661492428093624,0.0
2.13,C1_no_assistance,55.944254092869755,58.334167174342475,0.0
2.14,C1_no_assistance,55.63713517206915,58.00725611411962,0.0
2.15,C1_no_assistance,55.33109272288189,57.68083791010791,0.0
2.16,C1_no_assistance,55.02620225670291,57.355199945754705,0.0
2.17,C1_no_assistance,54.72253900069255,57.030394742552566,0.0
2.18,C1_no_assistance,54.420177879215416,56.706755088171,0.0
2.19,C1_no_assistance,54.119193495353926,56.38419983460688,0.0
2.2,C1_no_assistance,53.81966011250105,56.062910813535574,0.0
2.21,C1_no_assistance,53.521651636037014,55.74267343670511,0.0
2.22,C1_no_assistance,53.22524159509417,55.42354051139649,0.0
2.23,C1_no_assistance,52.930503124414855,55.105577131812026,0.0
2.24,C1_no_assistance,52.63750894630643,54.788592744636674,0.0
2.25,C1_no_assistance,52.34633135269821,54.47283744551602,0.0
2.2600000000000002,C1_no_assistance,52.05704218730438,54.158544190061534,0.0
2.27,C1_no_assistance,51.769712827897834,53.84577762130992,0.0
2.2800000000000002,C1_no_assistance,51.48441416869855,53.534722093709625,0.0
2.29,C1_no_assistance,51.20121660288171,53.225168463838,0.0
2.3000000000000003,C1_no_assistance,50.92019000520906,52.917200199819284,0.0
2.31,C1_no_assistance,50.64140371478854,52.61036873230295,0.0
2.32,C1_no_assistance,50.3649265179657,52.304814393487334,0.0
2.33,C1_no_assistance,50.090826631351845,52.00066468750034,0.0
2.34,C1_no_assistance,49.81917168499258,51.69785593408102,0.0
2.35,C1_no_assistance,49.55002870568103,51.397451689125035,0.0
2.36,C1_no_assistance,49.28346410042007,51.09896034461474,0.0
2.37,C1_no_assistance,49.01954364003736,50.80244542119689,0.0
2.38,C1_no_assistance,48.758332442957396,50.5080779734862,0.0
2.39,C1_no_assistance,48.49989495913443,50.215467646639176,0.0
2.4,C1_no_assistance,48.24429495415054,49.92461181368863,0.0
2.41,C1_no_assistance,47.991595493482315,49.63607830990071,0.0
2.42,C1_no_assistance,47.74185892694047,49.35004760793249,0.0
2.43,C1_no_assistance,47.4951468732859,49.06710734020811,0.0
2.44,C1_no_assistance,47.25152020502621,48.787298511197825,0.0
2.45,C1_no_assistance,47.01103903339632,48.51014135357404,0.0
2.46,C1_no_assistance,46.77376269352696,48.235937238466256,0.0
2.47,C1_no_assistance,46.539749729804534,47.9651077447539,0.0
2.48,C1_no_assistance,46.30905788142623,47.697343042856964,0.0
2.49,C1_no_assistance,46.08174406815371,47.432565194508044,0.0
2.5,C1_no_assistance,45.85786437626905,47.170679197291705,0.0
2.5100000000000002,C1_no_assistance,45.63747404473622,46.91206477426453,0.0
2.52,C1_no_assistance,45.420627451571775,46.65682622596278,0.0
2.5300000000000002,C1_no_assistance,45.2073781004278,46.404938708029526,0.0
2.54,C1_no_assistance,44.99777860739081,46.1564135652989,0.0
2.5500000000000003,C1_no_assistance,44.79188068799938,45.91169532048759,0.0
2.56,C1_no_assistance,44.58973514448421,45.670245608422434,0.0
2.57,C1_no_assistance,44.391391853233415,45.43175006261801,0.0
2.58,C1_no_assistance,44.19689975248619,45.196703583005096,0.0
2.59,C1_no_assistance,44.00630683025819,44.96582444404669,0.0
2.6,C1_no_assistance,43.819660112501055,44.73869323089852,0.0
2.61,C1_no_assistance,43.637005651499535,44.515897094965766,0.0
2.62,C1_no_assistance,43.45838851450877,44.297469630554225,0.0
2.63,C1_no_assistance,43.2838527726346,44.08271247497525,0.0
2.64,C1_no_assistance,43.1134414899597,43.87185805006304,0.0
2.65,C1_no_assistance,42.947196712918156,43.66517800534009,0.0
2.66,C1_no_assistance,42.785159459921125,43.46310950182471,0.0
2.67,C1_no_assistance,42.62736971123617,43.26542505418025,0.0
2.68,C1_no_assistance,42.47386639912273,43.07173899208981,0.0
2.69,C1_no_assistance,42.32468739822613,42.8821421588303,0.0
2.7,C1_no_assistance,42.17986951623264,42.69649586889303,0.0
2.71,C1_no_assistance,42.03944848478769,42.51462345829275,0.0
2.72,C1_no_assistance,41.90345895067961,42.3371362040493,0.0
2.73,C1_no_assistance,41.7719344672911,42.16384005839034,0.0
2.74,C1_no_assistance,41.64490748632038,41.994962039724655,0.0
2.75,C1_no_assistance,41.52240934977427,41.83064432114253,0.0
2.7600000000000002,C1_no_assistance,41.404470282234975,41.670845888839324,0.0
2.77,C1_no_assistance,41.29111938340265,41.515256905439685,0.0
2.7800000000000002,C1_no_assistance,41.18238462091549,41.36450644027136,0.0
2.79,C1_no_assistance,41.07829282344909,41.217989778493774,0.0
2.8000000000000003,C1_no_assistance,40.97886967409693,41.07567129735825,0.0
2.81,C1_no_assistance,40.8841397040334,40.9380295614127,0.0
2.82,C1_no_assistance,40.794126286461136,40.805035706097456,0.0
2.83,C1_no_assistance,40.70885163084404,40.67720443113021,0.0
2.84,C1_no_assistance,40.62833677742738,40.55345689287707,0.0
2.85,C1_no_assistance,40.55260159204647,40.4342676291258,0.0
2.86,C1_no_assistance,40.481664761225055,40.31991532157621,0.0
2.87,C1_no_assistance,40.415543787564694,40.21046210727936,0.0
2.88,C1_no_assistance,40.35425498542622,40.10582083197055,0.0
2.89,C1_no_assistance,40.29781347690452,40.00633964637107,0.0
2.9,C1_no_assistance,40.24623318809725,39.91175921183703,0.0
2.91,C1_no_assistance,40.19952684566885,39.82245200620414,0.0
2.92,C1_no_assistance,40.15770597371045,39.73801168543929,0.0
2.93,C1_no_assistance,40.120780890896405,39.65880422188634,0.0
2.94,C1_no_assistance,40.0887607079384,39.58438242642526,0.0
2.95,C1_no_assistance,40.061653325337446,39.51507240795878,0.0
2.96,C1_no_assistance,40.039465431434564,39.45077517512509,0.0
2.97,C1_no_assistance,40.0222025007606,39.39073879743245,0.0
2.98,C1_no_assistance,40.00986879268537,39.33565397111192,0.0
2.99,C1_no_assistance,40.002467350366786,39.28569982106357,0.0
3.0,C1_no_assistance,40.0,39.24095305289222,0.0
3.0100000000000002,C1_no_assistance,40.002467350366786,39.20173082861145,0.0
3.02,C1_no_assistance,40.00986879268537,39.167408249443504,0.0
3.0300000000000002,C1_no_assistance,40.0222025007606,39.13786321282792,0.0
3.04,C1_no_assistance,40.039465431434564,39.11357123725652,0.0
3.0500000000000003,C1_no_assistance,40.061653325337446,39.094071568209216,0.0
3.06,C1_no_assistance,40.0887607079384,39.07990957860899,0.0
3.0700000000000003,C1_no_assistance,40.120780890896405,39.0715549783743,0.0
3.08,C1_no_assistance,40.15770597371044,39.068645922248244,0.0
3.09,C1_no_assistance,40.19952684566885,39.07128005239644,0.0
3.1,C1_no_assistance,40.24623318809724,39.07920628464041,0.0
3.11,C1_no_assistance,40.29781347690452,39.09215503455999,0.0
3.12,C1_no_assistance,40.35425498542622,39.11057819689092,0.0
3.13,C1_no_assistance,40.415543787564694,39.13420541371404,0.0
3.14,C1_no_assistance,40.481664761225055,39.16294624269318,0.0
3.15,C1_no_assistance,40.552601592046464,39.19706207558109,0.0
3.16,C1_no_assistance,40.62833677742738,39.23657738341416,0.0
3.17,C1_no_assistance,40.70885163084404,39.281176461142564,0.0
3.18,C1_no_assistance,40.794126286461136,39.33062401317583,0.0
3.19,C1_no_assistance,40.8841397040334,39.385347232038434,0.0
3.2,C1_no_assistance,40.97886967409693,39.44536112154166,0.0
3.21,C1_no_assistance,41.07829282344909,39.510459725167806,0.0
3.22,C1_no_assistance,41.18238462091549,39.58050021187455,0.0
3.23,C1_no_assistance,41.29111938340265,39.65570966745167,0.0
3.24,C1_no_assistance,41.404470282234975,39.73599834993962,0.0
3.25,C1_no_assistance,41.522409349774264,39.821310396667265,0.0
3.2600000000000002,C1_no_assistance,41.64490748632038,39.91186541722339,0.0
3.27,C1_no_assistance,41.771934467291096,40.00735959998573,0.0
3.2800000000000002,C1_no_assistance,41.90345895067961,40.10787709837446,0.0
3.29,C1_no_assistance,42.03944848478769,40.212769603771946,0.0
3.3000000000000003,C1_no_assistance,42.17986951623264,40.32264767400138,0.0
3.31,C1_no_assistance,42.32468739822613,40.437195695629406,0.0
3.3200000000000003,C1_no_assistance,42.473866399122734,40.55641855121524,0.0
3.33,C1_no_assistance,42.62736971123617,40.68072483250894,0.0
3.34,C1_no_assistance,42.78515945992112,40.81009961630381,0.0
3.35,C1_no_assistance,42.947196712918156,40.94425729943751,0.0
3.36,C1_no_assistance,43.11344148995969,41.082841190322355,0.0
3.37,C1_no_assistance,43.2838527726346,41.226187864244565,0.0
3.38,C1_no_assistance,43.45838851450876,41.374276752324064,0.0
3.39,C1_no_assistance,43.63700565149953,41.52770399358606,0.0
3.4,C1_no_assistance,43.81966011250105,41.6856592177459,0.0
3.41,C1_no_assistance,44.00630683025818,41.84789811166961,0.0
3.42,C1_no_assistance,44.19689975248619,42.01435531780621,0.0
3.43,C1_no_assistance,44.391391853233415,42.18500911263318,0.0
3.44,C1_no_assistance,44.58973514448421,42.36004841554084,0.0
3.45,C1_no_assistance,44.79188068799938,42.5393995095519,0.0
3.46,C1_no_assistance,44.99777860739081,42.72271516932126,0.0
3.47,C1_no_assistance,45.2073781004278,42.91024963421835,0.0
3.48,C1_no_assistance,45.42062745157177,43.10257922111955,0.0
3.49,C1_no_assistance,45.63747404473622,43.29866209784887,0.0
3.5,C1_no_assistance,45.85786437626905,43.49907776579505,0.0
3.5100000000000002,C1_no_assistance,46.081744068153725,43.70305736871361,0.0
3.52,C1_no_assistance,46.30905788142622,43.910493179398706,0.0
3.5300000000000002,C1_no_assistance,46.53974972980454,44.12164011690008,0.0
3.54,C1_no_assistance,46.773762693526955,44.336424231410284,0.0
3.5500000000000003,C1_no_assistance,47.01103903339633,44.554540192716985,0.0
3.56,C1_no_assistance,47.25152020502621,44.77682156306794,0.0
3.5700000000000003,C1_no_assistance,47.4951468732859,45.00280264733599,0.0
3.58,C1_no_assistance,47.741858926940466,45.23243790086165,0.0
3.59,C1_no_assistance,47.99159549348232,45.46602158187973,0.0
3.6,C1_no_assistance,48.24429495415053,45.70262321308479,0.0
3.61,C1_no_assistance,48.49989495913442,45.9429689551303,0.0
3.62,C1_no_assistance,48.75833244295739,46.18703003978756,0.0
3.63,C1_no_assistance,49.019543640037355,46.43444480582901,0.0
3.64,C1_no_assistance,49.283464100420076,46.68493908814986,0.0
3.65,C1_no_assistance,49.550028705681015,46.93893948936746,0.0
3.66,C1_no_assistance,49.81917168499258,47.19636965500897,0.0
3.67,C1_no_assistance,50.09082663135185,47.45683709340537,0.0
3.68,C1_no_assistance,50.36492651796569,47.7208404545295,0.0
3.69,C1_no_assistance,50.64140371478853,47.98809790938355,0.0
3.7,C1_no_assistance,50.92019000520907,48.258547103335125,0.0
3.71,C1_no_assistance,51.20121660288169,48.53198962064162,0.0
3.72,C1_no_assistance,51.48441416869856,48.808267188200254,0.0
3.73,C1_no_assistance,51.76971282789782,49.08674166075647,0.0
3.74,C1_no_assistance,52.0570421873044,49.36765228800381,0.0
3.75,C1_no_assistance,52.34633135269819,49.651202259648564,0.0
3.7600000000000002,C1_no_assistance,52.63750894630644,49.93739260410225,0.0
3.77,C1_no_assistance,52.930503124414855,50.22583297170858,0.0
3.7800000000000002,C1_no_assistance,53.225241595094175,50.51659757085166,0.0
3.79,C1_no_assistance,53.52165163603701,50.8094898893425,0.0
3.8000000000000003,C1_no_assistance,53.81966011250105,51.10431421275981,0.0
3.81,C1_no_assistance,54.11919349535391,51.40170833001756,0.0
3.8200000000000003,C1_no_assistance,54.42017787921542,51.701931808625275,0.0
3.83,C1_no_assistance,54.722539000692535,52.00422329645058,0.0
3.84,C1_no_assistance,55.026202256702895,52.30847827093763,0.0
3.85,C1_no_assistance,55.3310927228819,52.614563418851354,0.0
3.86,C1_no_assistance,55.63713517206914,52.92266222685076,0.0
3.87,C1_no_assistance,55.94425409286975,53.232580825671945,0.0
3.88,C1_no_assistance,56.2523737082855,53.54401103429609,0.0
3.89,C1_no_assistance,56.561417994411805,53.856871873178015,0.0
3.9,C1_no_assistance,56.87131069919538,54.17089226327117,0.0
3.91,C1_no_assistance,57.18197536124834,54.48702266836669,0.0
3.92,C1_no_assistance,57.493335328713904,54.804990656051515,0.0
3.93,C1_no_assistance,57.80531377817911,55.12379279720825,0.0
3.94,C1_no_assistance,58.1178337336297,55.443625765136574,0.0
3.95,C1_no_assistance,58.4308180854431,55.76436979186641,0.0
3.96,C1_no_assistance,58.74418960941374,56.086270137881506,0.0
3.97,C1_no_assistance,59.05787098580715,56.40929455296774,0.0
3.98,C1_no_assistance,59.37178481843743,56.73315959232494,0.0
3.99,C1_no_assistance,59.68585365376358,57.058113316435325,0.0
0.0,C2_fixed_PD,59.99999999999999,60.01593453016414,0.169245377099015
0.01,C2_fixed_PD,60.31414634623641,60.04715555186264,0.17029395593074614
0.02,C2_fixed_PD,60.628215181562574,60.09392560157459,0.18986035844885016
0.03,C2_fixed_PD,60.94212901419285,60.15489073998521,0.17585249731410252
0.04,C2_fixed_PD,61.25581039058626,60.22991028879202,0.18605504327011577
0.05,C2_fixed_PD,61.5691819145569,60.31886298501896,0.19657582417919875
0.06,C2_fixed_PD,61.88216626637028,60.421335416164915,0.20090718624642862
0.07,C2_fixed_PD,62.19468622182091,60.53672166238542,0.20086827945599958
0.08,C2_fixed_PD,62.50666467128608,60.66476010115208,0.20752545526132887
0.09,C2_fixed_PD,62.81802463875166,60.804994392457,0.20990501814581997
0.1,C2_fixed_PD,63.12868930080462,60.95670446344124,0.20638300947533372
0.11,C2_fixed_PD,63.43858200558819,61.11951513349349,0.20946469088383757
0.12,C2_fixed_PD,63.74762629171449,61.29315031671407,0.21431801017362095
0.13,C2_fixed_PD,64.05574590713024,61.47716002070127,0.21531592903744207
0.14,C2_fixed_PD,64.36286482793085,61.6710162546764,0.2143076680233662
0.15,C2_fixed_PD,64.66890727711811,61.87448882631876,0.21909229371762845
0.16,C2_fixed_PD,64.9737977432971,62.087050439938594,0.217482939533308
0.17,C2_fixed_PD,65.27746099930746,62.30796801348566,0.21111975555994666
0.18,C2_fixed_PD,65.57982212078458,62.536998157319815,0.21438009012226644
0.19,C2_fixed_PD,65.88080650464607,62.774048687897135,0.22062323350527008
0.2,C2_fixed_PD,66.18033988749895,63.01839299926063,0.2135333878503981
0.21,C2_fixed_PD,66.478348363963,63.26926088233121,0.20490313132579588
0.22,C2_fixed_PD,66.77475840490582,63.52649059915014,0.20834931972916157
0.23,C2_fixed_PD,67.06949687558514,63.78962921366006,0.20558665455757544
0.24,C2_fixed_PD,67.36249105369356,64.05802962466576,0.19838034454825207
0.25,C2_fixed_PD,67.6536686473018,64.33095556159783,0.1887512727168996
0.26,C2_fixed_PD,67.94295781269561,64.60876762261806,0.20145781802425702
0.27,C2_fixed_PD,68.23028717210218,64.89046337098038,0.18598468902193754
0.28,C2_fixed_PD,68.51558583130145,65.17642012112289,0.19852745955542533
0.29,C2_fixed_PD,68.7987833971183,65.46582872957386,0.18660356820625912
0.3,C2_fixed_PD,69.07980999479093,65.75870581708661,0.19126947201969238
0.31,C2_fixed_PD,69.35859628521146,66.05394175393346,0.17239863163784958
0.32,C2_fixed_PD,69.6350734820343,66.35135857518749,0.17205964916301653
0.33,C2_fixed_PD,69.90917336864815,66.65054046593809,0.166611643968062
0.34,C2_fixed_PD,70.18082831500743,66.9517529560259,0.1750879326410321
0.35000000000000003,C2_fixed_PD,70.44997129431897,67.25419921231119,0.16159238039321983
0.36,C2_fixed_PD,70.71653589957994,67.55791894320268,0.1649217809421086
0.37,C2_fixed_PD,70.98045635996263,67.86257360881356,0.16039981917024534
0.38,C2_fixed_PD,71.2416675570426,68.16757710587275,0.1504166195529066
0.39,C2_fixed_PD,71.50010504086558,68.47254270831125,0.14410568786818484
0.4,C2_fixed_PD,71.75570504584947,68.7773987559893,0.14407232960007524
0.41000000000000003,C2_fixed_PD,72.00840450651768,69.08211427049845,0.14485817913270618
0.42,C2_fixed_PD,72.25814107305955,69.3864684549029,0.1416725481724973
0.43,C2_fixed_PD,72.5048531267141,69.68953895250763,0.12362323635451415
0.44,C2_fixed_PD,72.74847979497379,69.99135324853572,0.12465388715607252
0.45,C2_fixed_PD,72.98896096660367,70.29164958192877,0.11968303364044533
0.46,C2_fixed_PD,73.22623730647304,70.58979372102621,0.10670218376481072
0.47000000000000003,C2_fixed_PD,73.46025027019547,70.88646793975424,0.12074346027918414
0.48,C2_fixed_PD,73.69094211857377,71.18047390228459,0.09605252198340714
0.49,C2_fixed_PD,73.91825593184629,71.47148857890538,0.08862550448172662
0.5,C2_fixed_PD,74.14213562373095,71.7598157234995,0.0940589653394556
0.51,C2_fixed_PD,74.36252595526378,72.04552112703227,0.09481556919726233
0.52,C2_fixed_PD,74.57937254842824,72.3288614822152,0.09965893735169232
0.53,C2_fixed_PD,74.7926218995722,72.60916791098091,0.08538018550943213
0.54,C2_fixed_PD,75.00222139260919,72.8867001637426,0.08996500549863559
0.55,C2_fixed_PD,75.20811931200062,73.16116291106462,0.08318910815590702
0.56,C2_fixed_PD,75.41026485551578,73.432474523215,0.08064467481235085
0.5700000000000001,C2_fixed_PD,75.6086081467666,73.70031336959585,0.07302474754742741
0.58,C2_fixed_PD,75.80310024751381,73.96425338097328,0.06294812841240352
0.59,C2_fixed_PD,75.99369316974182,74.22471127014848,0.07015716321521857
0.6,C2_fixed_PD,76.18033988749895,74.48166657785913,0.06861628860422364
0.61,C2_fixed_PD,76.36299434850046,74.73497864342833,0.06456302971400632
0.62,C2_fixed_PD,76.54161148549125,74.98449829958768,0.06022605847932674
0.63,C2_fixed_PD,76.71614722736541,75.23022625812435,0.05891427713517085
0.64,C2_fixed_PD,76.8865585100403,75.47187918798164,0.05167645047092216
0.65,C2_fixed_PD,77.05280328708184,75.7087073466019,0.034432254857718815
0.66,C2_fixed_PD,77.21484054007888,75.94118454870133,0.04214840076989901
0.67,C2_fixed_PD,77.37263028876382,76.16896622810815,0.033179232105259936
0.68,C2_fixed_PD,77.52613360087727,76.39239650775478,0.03833831706545026
0.6900000000000001,C2_fixed_PD,77.67531260177387,76.61097456667191,0.026135809223890152
0.7000000000000001,C2_fixed_PD,77.82013048376736,76.82517794381745,0.033984113354053824
0.71,C2_fixed_PD,77.9605515152123,77.03460371567074,0.023848047408350906
0.72,C2_fixed_PD,78.0965410493204,77.23832828165429,0.0024556034905348426
0.73,C2_fixed_PD,78.22806553270891,77.43715192197747,0.016339021203023767
0.74,C2_fixed_PD,78.35509251367962,77.63051856684542,0.0025651070495728914
0.75,C2_fixed_PD,78.47759065022574,77.81858950178518,0.0033220401587052625
0.76,C2_fixed_PD,78.59552971776503,78.00149898684388,0.0036762695834481676
0.77,C2_fixed_PD,78.70888061659736,78.17934085525543,0.003321764200150422
0.78,C2_fixed_PD,78.81761537908451,78.35150377313639,-0.011701401920394414
0.79,C2_fixed_PD,78.92170717655091,78.5183946892099,-0.00594412337741642
0.8,C2_fixed_PD,79.02113032590307,78.67948494699985,-0.019396081999665325
0.81,C2_fixed_PD,79.1158602959666,78.83541577359783,-0.008817921934645652
0.8200000000000001,C2_fixed_PD,79.20587371353886,78.98591827613689,-0.01670178118322819
0.8300000000000001,C2_fixed_PD,79.29114836915596,79.1308481889081,-0.022210518548059756
0.84,C2_fixed_PD,79.37166322257262,79.27021555621542,-0.024608875734715437
0.85,C2_fixed_PD,79.44739840795353,79.4044646326517,-0.017893857337635523
0.86,C2_fixed_PD,79.51833523877494,79.53338544666983,-0.024464375351873048
0.87,C2_fixed_PD,79.58445621243531,79.65681202022907,-0.030297038742705576
0.88,C2_fixed_PD,79.64574501457378,79.77491317394548,-0.029261550740798177
0.89,C2_fixed_PD,79.70218652309548,79.88721956229949,-0.04142948826008448
0.9,C2_fixed_PD,79.75376681190276,79.99375996527225,-0.043587792306637514
0.91,C2_fixed_PD,79.80047315433114,80.09526634226981,-0.030986021047989226
0.92,C2_fixed_PD,79.84229402628955,80.19164754112431,-0.034947047023371626
0.93,C2_fixed_PD,79.87921910910359,80.28271223395653,-0.041084584126041435
0.9400000000000001,C2_fixed_PD,79.9112392920616,80.36803214355983,-0.05235563613707886
0.9500000000000001,C2_fixed_PD,79.93834667466255,80.4470620165933,-0.06646524071329003
0.96,C2_fixed_PD,79.96053456856544,80.5205380749045,-0.05423212193905039
0.97,C2_fixed_PD,79.9777974992394,80.58827391264313,-0.06064532564994182
0.98,C2_fixed_PD,79.99013120731463,80.650655492603,-0.05523975999764577
0.99,C2_fixed_PD,79.99753264963321,80.70766214813538,-0.05799568979740326
1.0,C2_fixed_PD,80.0,80.75954114519622,-0.0551583515796729
1.01,C2_fixed_PD,79.99753264963321,80.80570984018192,-0.06947602926455217
1.02,C2_fixed_PD,79.99013120731463,80.84590075445429,-0.07772741991098975
1.03,C2_fixed_PD,79.9777974992394,80.88052056038894,-0.07210578963840925
1.04,C2_fixed_PD,79.96053456856544,80.90907396473084,-0.0850041621297362
1.05,C2_fixed_PD,79.93834667466255,80.93194844114635,-0.07987029193127268
1.06,C2_fixed_PD,79.9112392920616,80.94923076670591,-0.08068233945390448
1.07,C2_fixed_PD,79.87921910910359,80.96077808927001,-0.0862280356090573
1.08,C2_fixed_PD,79.84229402628955,80.96662705099216,-0.08814976071605508
1.09,C2_fixed_PD,79.80047315433114,80.96661650919094,-0.09418539319464907
1.1,C2_fixed_PD,79.75376681190276,80.96134714508803,-0.08441879627397592
1.11,C2_fixed_PD,79.70218652309548,80.95124708107957,-0.07772220885988956
1.12,C2_fixed_PD,79.64574501457378,80.9356015110312,-0.09457775065638671
1.1300000000000001,C2_fixed_PD,79.58445621243531,80.91464369830636,-0.09223955145098091
1.1400000000000001,C2_fixed_PD,79.51833523877495,80.88821730464188,-0.09785564095710665
1.1500000000000001,C2_fixed_PD,79.44739840795353,80.85586209105952,-0.109988717831563
1.16,C2_fixed_PD,79.37166322257262,80.81843049117431,-0.09506043448270907
1.17,C2_fixed_PD,79.29114836915596,80.77539027245246,-0.10836154102809972
1.18,C2_fixed_PD,79.20587371353886,80.72673210444934,-0.11120940454451114
1.19,C2_fixed_PD,79.1158602959666,80.67264143007453,-0.10999781668390998
1.2,C2_fixed_PD,79.02113032590307,80.61296645483283,-0.1156913250865369
1.21,C2_fixed_PD,78.92170717655091,80.54820942339306,-0.10783829957604651
1.22,C2_fixed_PD,78.81761537908451,80.47845252690408,-0.10833579476734553
1.23,C2_fixed_PD,78.70888061659736,80.40321769909323,-0.12050572992957562
1.24,C2_fixed_PD,78.59552971776503,80.3226474458256,-0.12013082937593449
1.25,C2_fixed_PD,78.47759065022574,80.2365945113816,-0.1257090436345737
1.26,C2_fixed_PD,78.35509251367962,80.14545501676425,-0.12005726359001834
1.27,C2_fixed_PD,78.22806553270891,80.04885898551008,-0.1301037446305907
1.28,C2_fixed_PD,78.0965410493204,79.94741609616875,-0.11998808885101461
1.29,C2_fixed_PD,77.96055151521232,79.84137374180614,-0.11691875544057523
1.3,C2_fixed_PD,77.82013048376736,79.73102130139245,-0.11276124033329583
1.31,C2_fixed_PD,77.67531260177387,79.61608192566325,-0.12021604934078506
1.32,C2_fixed_PD,77.52613360087727,79.49601821939615,-0.13340038727251388
1.33,C2_fixed_PD,77.37263028876382,79.37153776774393,-0.1210218830796308
1.34,C2_fixed_PD,77.21484054007888,79.24235752184384,-0.12876291843195098
1.35,C2_fixed_PD,77.05280328708184,79.10777398966167,-0.14558971129458945
1.36,C2_fixed_PD,76.8865585100403,78.96823104595697,-0.13905192386821202
1.37,C2_fixed_PD,76.71614722736541,78.82351471519027,-0.14590714572174265
1.3800000000000001,C2_fixed_PD,76.54161148549123,78.67449811376025,-0.13021271447348023
1.3900000000000001,C2_fixed_PD,76.36299434850046,78.52162058523353,-0.12282597742881304
1.4000000000000001,C2_fixed_PD,76.18033988749895,78.36373324444057,-0.1483237920486161
1.41,C2_fixed_PD,75.99369316974182,78.20175049127678,-0.13168484137848618
1.42,C2_fixed_PD,75.80310024751381,78.03525425353392,-0.14213962634891222
1.43,C2_fixed_PD,75.6086081467666,77.86425493943933,-0.14402829132833256
1.44,C2_fixed_PD,75.41026485551578,77.68913647090793,-0.1381099421271473
1.45,C2_fixed_PD,75.20811931200062,77.50920897100924,-0.15435526613242442
1.46,C2_fixed_PD,75.00222139260919,77.32455272996457,-0.15512873738716387
1.47,C2_fixed_PD,74.7926218995722,77.13553258019208,-0.1498960401351932
1.48,C2_fixed_PD,74.57937254842822,76.94237321548106,-0.14729141825804223
1.49,C2_fixed_PD,74.36252595526378,76.7450581732131,-0.14955946001654738
1.5,C2_fixed_PD,74.14213562373095,76.54400843766105,-0.14270896352574636
1.51,C2_fixed_PD,73.91825593184629,76.33900513925647,-0.1489024852205843
1.52,C2_fixed_PD,73.69094211857377,76.13005557965637,-0.15058878244489765
1.53,C2_fixed_PD,73.46025027019547,75.91742331543026,-0.146930983752183
1.54,C2_fixed_PD,73.22623730647304,75.70065603961841,-0.15805471708128715
1.55,C2_fixed_PD,72.98896096660367,75.48047699536593,-0.14500267745700526
1.56,C2_fixed_PD,72.7484797949738,75.25663246637606,-0.15178018317736863
1.57,C2_fixed_PD,72.5048531267141,75.02968473430988,-0.14173121831692134
1.58,C2_fixed_PD,72.25814107305955,74.79885725614784,-0.15923898798679917
1.59,C2_fixed_PD,72.00840450651768,74.56414939375756,-0.16123985654374742
1.6,C2_fixed_PD,71.75570504584947,74.32567111224425,-0.1609572959247023
1.61,C2_fixed_PD,71.50010504086556,74.08283738995199,-0.17516257684941824
1.62,C2_fixed_PD,71.2416675570426,73.83633511415745,-0.1632983177652004
1.6300000000000001,C2_fixed_PD,70.98045635996263,73.58678174195582,-0.15229237441117785
1.6400000000000001,C2_fixed_PD,70.71653589957994,73.33318437478388,-0.1744817874062731
1.6500000000000001,C2_fixed_PD,70.44997129431897,73.07668475596796,-0.15290742276607713
1.6600000000000001,C2_fixed_PD,70.18082831500742,72.81683393974573,-0.1636367996040592
1.67,C2_fixed_PD,69.90917336864815,72.55372195450403,-0.16352422918551734
1.68,C2_fixed_PD,69.63507348203431,72.28788989206117,-0.15391736860827973
1.69,C2_fixed_PD,69.35859628521146,72.0187292247761,-0.16792784498303523
1.7,C2_fixed_PD,69.07980999479093,71.74662914947196,-0.16163548890791019
1.71,C2_fixed_PD,68.79878339711831,71.47159716943516,-0.16301684451600104
1.72,C2_fixed_PD,68.51558583130145,71.19406478729897,-0.15554754943029894
1.73,C2_fixed_PD,68.23028717210218,70.91351443495905,-0.16759688251301552
1.74,C2_fixed_PD,67.94295781269561,70.63065670522525,-0.1544349090577009
1.75,C2_fixed_PD,67.6536686473018,70.3458009968953,-0.14906165539491648
1.76,C2_fixed_PD,67.36249105369356,70.05805828055607,-0.16854221732922045
1.77,C2_fixed_PD,67.06949687558514,69.76805540502546,-0.15712665020231711
1.78,C2_fixed_PD,66.77475840490582,69.475715847282,-0.15990605284223
1.79,C2_fixed_PD,66.478348363963,69.18056992319755,-0.17102810561054804
1.8,C2_fixed_PD,66.18033988749895,68.88295057903323,-0.16580867388967338
1.81,C2_fixed_PD,65.88080650464609,68.58309300261638,-0.16237021033699192
1.82,C2_fixed_PD,65.57982212078458,68.28095231200592,-0.16462080268848633
1.83,C2_fixed_PD,65.27746099930745,67.97713287204364,-0.15335370059751796
1.84,C2_fixed_PD,64.9737977432971,67.67126309371334,-0.16201229629259783
1.85,C2_fixed_PD,64.66890727711811,67.3633246766566,-0.16365142743917344
1.86,C2_fixed_PD,64.36286482793085,67.05351042936601,-0.16092533699086908
1.87,C2_fixed_PD,64.05574590713024,66.74217901712909,-0.1545884871517862
1.8800000000000001,C2_fixed_PD,63.74762629171449,66.43040971512217,-0.13287031624328127
1.8900000000000001,C2_fixed_PD,63.43858200558819,66.11696190317261,-0.15879084812517147
1.9000000000000001,C2_fixed_PD,63.12868930080462,65.80204610294062,-0.15549549442255092
1.9100000000000001,C2_fixed_PD,62.81802463875166,65.48587596388727,-0.1519818166199701
1.92,C2_fixed_PD,62.50666467128608,65.16818812440259,-0.15830304851433735
1.93,C2_fixed_PD,62.19468622182092,64.84921899070636,-0.15443874973462432
1.94,C2_fixed_PD,61.88216626637028,64.52906531644332,-0.1533230486592354
1.95,C2_fixed_PD,61.5691819145569,64.2082886193935,-0.1424250996416459
1.96,C2_fixed_PD,61.25581039058626,63.886925867301144,-0.142039242852766
1.97,C2_fixed_PD,60.94212901419285,63.56449878130417,-0.1524513168208219
1.98,C2_fixed_PD,60.628215181562574,63.241176493013384,-0.14978284301173467
1.99,C2_fixed_PD,60.31414634623641,62.91701991079861,-0.14926658112180857
2.0,C2_fixed_PD,59.99999999999999,62.59210159570222,-0.14849103562989227
2.0100000000000002,C2_fixed_PD,59.68585365376358,62.26643254179395,-0.14897904288802755
2.02,C2_fixed_PD,59.37178481843745,61.94020671728298,-0.14566535449912307
2.0300000000000002,C2_fixed_PD,59.05787098580715,61.61346800063092,-0.14535797036994805
2.04,C2_fixed_PD,58.74418960941372,61.2862696809035,-0.1448538248317687
2.05,C2_fixed_PD,58.430818085443114,60.95850246355258,-0.14774649841703386
2.06,C2_fixed_PD,58.11783373362971,60.63067741037259,-0.13778706501478705
2.07,C2_fixed_PD,57.8053137781791,60.30248917447294,-0.1444985748021883
2.08,C2_fixed_PD,57.493335328713904,59.97407522434917,-0.14225590905615604
2.09,C2_fixed_PD,57.181975361248355,59.64567867245011,-0.13771494403443943
2.1,C2_fixed_PD,56.871310699195384,59.31754563888901,-0.1329284029528878
2.11,C2_fixed_PD,56.56141799441181,58.989502256702,-0.13675261626556318
2.12,C2_fixed_PD,56.2523737082855,58.661492428093624,-0.1383095720955596
2.13,C2_fixed_PD,55.944254092869755,58.334167174342475,-0.12514792871237185
2.14,C2_fixed_PD,55.63713517206915,58.00725611411962,-0.1307273083952345
2.15,C2_fixed_PD,55.33109272288189,57.68083791010791,-0.1292836844316902
2.16,C2_fixed_PD,55.02620225670291,57.355199945754705,-0.12343600781207183
2.17,C2_fixed_PD,54.72253900069255,57.030394742552566,-0.12228324921132586
2.18,C2_fixed_PD,54.420177879215416,56.706755088171,-0.11525163038974232
2.19,C2_fixed_PD,54.119193495353926,56.38419983460688,-0.1166235005470173
2.2,C2_fixed_PD,53.81966011250105,56.062910813535574,-0.11260068343277836
2.21,C2_fixed_PD,53.521651636037014,55.74267343670511,-0.11675245215239013
2.22,C2_fixed_PD,53.22524159509417,55.42354051139649,-0.11553892519332734
2.23,C2_fixed_PD,52.930503124414855,55.105577131812026,-0.11405785964385824
2.24,C2_fixed_PD,52.63750894630643,54.788592744636674,-0.11790938213801257
2.25,C2_fixed_PD,52.34633135269821,54.47283744551602,-0.1127443125991065
2.2600000000000002,C2_fixed_PD,52.05704218730438,54.158544190061534,-0.1077465562892027
2.27,C2_fixed_PD,51.769712827897834,53.84577762130992,-0.10609772029424364
2.2800000000000002,C2_fixed_PD,51.48441416869855,53.534722093709625,-0.10191941103287766
2.29,C2_fixed_PD,51.20121660288171,53.225168463838,-0.10585030038501995
2.3000000000000003,C2_fixed_PD,50.92019000520906,52.917200199819284,-0.1038808316069699
2.31,C2_fixed_PD,50.64140371478854,52.61036873230295,-0.1130140091380267
2.32,C2_fixed_PD,50.3649265179657,52.304814393487334,-0.11026015189762016
2.33,C2_fixed_PD,50.090826631351845,52.00066468750034,-0.10768194361437758
2.34,C2_fixed_PD,49.81917168499258,51.69785593408102,-0.10902631312713038
2.35,C2_fixed_PD,49.55002870568103,51.397451689125035,-0.08685518675558149
2.36,C2_fixed_PD,49.28346410042007,51.09896034461474,-0.09631540730572803
2.37,C2_fixed_PD,49.01954364003736,50.80244542119689,-0.09463376639592888
2.38,C2_fixed_PD,48.758332442957396,50.5080779734862,-0.09067565641761147
2.39,C2_fixed_PD,48.49989495913443,50.215467646639176,-0.0983525084081786
2.4,C2_fixed_PD,48.24429495415054,49.92461181368863,-0.09829969234700685
2.41,C2_fixed_PD,47.991595493482315,49.63607830990071,-0.08633438393940511
2.42,C2_fixed_PD,47.74185892694047,49.35004760793249,-0.08199412770378
2.43,C2_fixed_PD,47.4951468732859,49.06710734020811,-0.0689930386775803
2.44,C2_fixed_PD,47.25152020502621,48.787298511197825,-0.06693372588462237
2.45,C2_fixed_PD,47.01103903339632,48.51014135357404,-0.07577513079757776
2.46,C2_fixed_PD,46.77376269352696,48.235937238466256,-0.06872688068175387
2.47,C2_fixed_PD,46.539749729804534,47.9651077447539,-0.05891530258996086
2.48,C2_fixed_PD,46.30905788142623,47.697343042856964,-0.06406603327211931
2.49,C2_fixed_PD,46.08174406815371,47.432565194508044,-0.06467352475351484
2.5,C2_fixed_PD,45.85786437626905,47.170679197291705,-0.0657389664642313
2.5100000000000002,C2_fixed_PD,45.63747404473622,46.91206477426453,-0.056977529307465025
2.52,C2_fixed_PD,45.420627451571775,46.65682622596278,-0.053664831858825736
2.5300000000000002,C2_fixed_PD,45.2073781004278,46.404938708029526,-0.05298915045288264
2.54,C2_fixed_PD,44.99777860739081,46.1564135652989,-0.051605603188421556
2.5500000000000003,C2_fixed_PD,44.79188068799938,45.91169532048759,-0.04116604340861369
2.56,C2_fixed_PD,44.58973514448421,45.670245608422434,-0.05093108184455178
2.57,C2_fixed_PD,44.391391853233415,45.43175006261801,-0.05652387519804884
2.58,C2_fixed_PD,44.19689975248619,45.196703583005096,-0.045480860936535285
2.59,C2_fixed_PD,44.00630683025819,44.96582444404669,-0.029330900264981762
2.6,C2_fixed_PD,43.819660112501055,44.73869323089852,-0.03637486319861519
2.61,C2_fixed_PD,43.637005651499535,44.515897094965766,-0.022745515864662863
2.62,C2_fixed_PD,43.45838851450877,44.297469630554225,-0.020195172103102177
2.63,C2_fixed_PD,43.2838527726346,44.08271247497525,-0.032966929332991834
2.64,C2_fixed_PD,43.1134414899597,43.87185805006304,-0.026906571219266744
2.65,C2_fixed_PD,42.947196712918156,43.66517800534009,-0.01983340901978984
2.66,C2_fixed_PD,42.785159459921125,43.46310950182471,-0.009066075687737086
2.67,C2_fixed_PD,42.62736971123617,43.26542505418025,-0.011839152608414096
2.68,C2_fixed_PD,42.47386639912273,43.07173899208981,-0.01815380033556669
2.69,C2_fixed_PD,42.32468739822613,42.8821421588303,-0.014861311365859633
2.7,C2_fixed_PD,42.17986951623264,42.69649586889303,-0.016311813292314205
2.71,C2_fixed_PD,42.03944848478769,42.51462345829275,-0.018703236837460537
2.72,C2_fixed_PD,41.90345895067961,42.3371362040493,-0.004771794156637501
2.73,C2_fixed_PD,41.7719344672911,42.16384005839034,-0.007164202747168141
2.74,C2_fixed_PD,41.64490748632038,41.994962039724655,-0.0009323285742413416
2.75,C2_fixed_PD,41.52240934977427,41.83064432114253,0.0037144477902427524
2.7600000000000002,C2_fixed_PD,41.404470282234975,41.670845888839324,0.004639308636284194
2.77,C2_fixed_PD,41.29111938340265,41.515256905439685,-0.00011857927232666529
2.7800000000000002,C2_fixed_PD,41.18238462091549,41.36450644027136,0.014489699860163019
2.79,C2_fixed_PD,41.07829282344909,41.217989778493774,0.0038203311252431524
2.8000000000000003,C2_fixed_PD,40.97886967409693,41.07567129735825,0.004502754314274826
2.81,C2_fixed_PD,40.8841397040334,40.9380295614127,0.01590910867506974
2.82,C2_fixed_PD,40.794126286461136,40.805035706097456,0.017114466814035632
2.83,C2_fixed_PD,40.70885163084404,40.67720443113021,0.02966643727503009
2.84,C2_fixed_PD,40.62833677742738,40.55345689287707,0.009304222887982154
2.85,C2_fixed_PD,40.55260159204647,40.4342676291258,0.020477317822422045
2.86,C2_fixed_PD,40.481664761225055,40.31991532157621,0.027973756111261714
2.87,C2_fixed_PD,40.415543787564694,40.21046210727936,0.031181396066126067
2.88,C2_fixed_PD,40.35425498542622,40.10582083197055,0.03131099201729164
2.89,C2_fixed_PD,40.29781347690452,40.00633964637107,0.0404701302109747
2.9,C2_fixed_PD,40.24623318809725,39.91175921183703,0.037218072975045285
2.91,C2_fixed_PD,40.19952684566885,39.82245200620414,0.04695476886811195
2.92,C2_fixed_PD,40.15770597371045,39.73801168543929,0.0407154399036903
2.93,C2_fixed_PD,40.120780890896405,39.65880422188634,0.05027404854582859
2.94,C2_fixed_PD,40.0887607079384,39.58438242642526,0.04313272946261263
2.95,C2_fixed_PD,40.061653325337446,39.51507240795878,0.051773748513341905
2.96,C2_fixed_PD,40.039465431434564,39.45077517512509,0.051807117098641824
2.97,C2_fixed_PD,40.0222025007606,39.39073879743245,0.038072106624188695
2.98,C2_fixed_PD,40.00986879268537,39.33565397111192,0.05386049548161374
2.99,C2_fixed_PD,40.002467350366786,39.28569982106357,0.059566168120336604
3.0,C2_fixed_PD,40.0,39.24095305289222,0.06329027034259672
3.0100000000000002,C2_fixed_PD,40.002467350366786,39.20173082861145,0.07212076499395528
3.02,C2_fixed_PD,40.00986879268537,39.167408249443504,0.06151203691962487
3.0300000000000002,C2_fixed_PD,40.0222025007606,39.13786321282792,0.06086252957734098
3.04,C2_fixed_PD,40.039465431434564,39.11357123725652,0.07261959776827195
3.0500000000000003,C2_fixed_PD,40.061653325337446,39.094071568209216,0.06520567475669302
3.06,C2_fixed_PD,40.0887607079384,39.07990957860899,0.07844503148945119
3.0700000000000003,C2_fixed_PD,40.120780890896405,39.0715549783743,0.09060324935215705
3.08,C2_fixed_PD,40.15770597371044,39.068645922248244,0.08578026406528315
3.09,C2_fixed_PD,40.19952684566885,39.07128005239644,0.09025428941930261
3.1,C2_fixed_PD,40.24623318809724,39.07920628464041,0.0875197950316162
3.11,C2_fixed_PD,40.29781347690452,39.09215503455999,0.08417411342701245
3.12,C2_fixed_PD,40.35425498542622,39.11057819689092,0.09569901397786702
3.13,C2_fixed_PD,40.415543787564694,39.13420541371404,0.09251876527501082
3.14,C2_fixed_PD,40.481664761225055,39.16294624269318,0.09286716139342513
3.15,C2_fixed_PD,40.552601592046464,39.19706207558109,0.10051033458025725
3.16,C2_fixed_PD,40.62833677742738,39.23657738341416,0.10344043888073669
3.17,C2_fixed_PD,40.70885163084404,39.281176461142564,0.09927842763410297
3.18,C2_fixed_PD,40.794126286461136,39.33062401317583,0.09652193749222038
3.19,C2_fixed_PD,40.8841397040334,39.385347232038434,0.10743628788596796
3.2,C2_fixed_PD,40.97886967409693,39.44536112154166,0.11012114716687314
3.21,C2_fixed_PD,41.07829282344909,39.510459725167806,0.10820451343607916
3.22,C2_fixed_PD,41.18238462091549,39.58050021187455,0.10743440511818705
3.23,C2_fixed_PD,41.29111938340265,39.65570966745167,0.11429468858641186
3.24,C2_fixed_PD,41.404470282234975,39.73599834993962,0.11474177105371328
3.25,C2_fixed_PD,41.522409349774264,39.821310396667265,0.11583112950667403
3.2600000000000002,C2_fixed_PD,41.64490748632038,39.91186541722339,0.12265430969506616
3.27,C2_fixed_PD,41.771934467291096,40.00735959998573,0.11873232756555613
3.2800000000000002,C2_fixed_PD,41.90345895067961,40.10787709837446,0.12267418549781087
3.29,C2_fixed_PD,42.03944848478769,40.212769603771946,0.11136978407243167
3.3000000000000003,C2_fixed_PD,42.17986951623264,40.32264767400138,0.12585483069449693
3.31,C2_fixed_PD,42.32468739822613,40.437195695629406,0.12152006973587755
3.3200000000000003,C2_fixed_PD,42.473866399122734,40.55641855121524,0.12362755598902024
3.33,C2_fixed_PD,42.62736971123617,40.68072483250894,0.13421433343047254
3.34,C2_fixed_PD,42.78515945992112,40.81009961630381,0.1363255341051187
3.35,C2_fixed_PD,42.947196712918156,40.94425729943751,0.13277461219479253
3.36,C2_fixed_PD,43.11344148995969,41.082841190322355,0.12749432562445429
3.37,C2_fixed_PD,43.2838527726346,41.226187864244565,0.13642869709565714
3.38,C2_fixed_PD,43.45838851450876,41.374276752324064,0.1382137437345583
3.39,C2_fixed_PD,43.63700565149953,41.52770399358606,0.15291905525583224
3.4,C2_fixed_PD,43.81966011250105,41.6856592177459,0.1387360819564265
3.41,C2_fixed_PD,44.00630683025818,41.84789811166961,0.13568989638194062
3.42,C2_fixed_PD,44.19689975248619,42.01435531780621,0.1361922519978044
3.43,C2_fixed_PD,44.391391853233415,42.18500911263318,0.13757346418204072
3.44,C2_fixed_PD,44.58973514448421,42.36004841554084,0.14337184123460384
3.45,C2_fixed_PD,44.79188068799938,42.5393995095519,0.14386855110753508
3.46,C2_fixed_PD,44.99777860739081,42.72271516932126,0.13859572601355247
3.47,C2_fixed_PD,45.2073781004278,42.91024963421835,0.14562862569214402
3.48,C2_fixed_PD,45.42062745157177,43.10257922111955,0.15966737384736432
3.49,C2_fixed_PD,45.63747404473622,43.29866209784887,0.14037154750222902
3.5,C2_fixed_PD,45.85786437626905,43.49907776579505,0.1541064666945513
3.5100000000000002,C2_fixed_PD,46.081744068153725,43.70305736871361,0.14016114319252296
3.52,C2_fixed_PD,46.30905788142622,43.910493179398706,0.13938711744891893
3.5300000000000002,C2_fixed_PD,46.53974972980454,44.12164011690008,0.14613921182581185
3.54,C2_fixed_PD,46.773762693526955,44.336424231410284,0.1462670923890806
3.5500000000000003,C2_fixed_PD,47.01103903339633,44.554540192716985,0.14151163600509498
3.56,C2_fixed_PD,47.25152020502621,44.77682156306794,0.16036017489325588
3.5700000000000003,C2_fixed_PD,47.4951468732859,45.00280264733599,0.1527921932405838
3.58,C2_fixed_PD,47.741858926940466,45.23243790086165,0.1536287804278057
3.59,C2_fixed_PD,47.99159549348232,45.46602158187973,0.1615725184564156
3.6,C2_fixed_PD,48.24429495415053,45.70262321308479,0.14416753839887964
3.61,C2_fixed_PD,48.49989495913442,45.9429689551303,0.16063934190103318
3.62,C2_fixed_PD,48.75833244295739,46.18703003978756,0.16199853561355473
3.63,C2_fixed_PD,49.019543640037355,46.43444480582901,0.15639284114373547
3.64,C2_fixed_PD,49.283464100420076,46.68493908814986,0.1523221926983152
3.65,C2_fixed_PD,49.550028705681015,46.93893948936746,0.16271143893301826
3.66,C2_fixed_PD,49.81917168499258,47.19636965500897,0.16299227564267688
3.67,C2_fixed_PD,50.09082663135185,47.45683709340537,0.15661691984467133
3.68,C2_fixed_PD,50.36492651796569,47.7208404545295,0.16858120475243774
3.69,C2_fixed_PD,50.64140371478853,47.98809790938355,0.1646916527962728
3.7,C2_fixed_PD,50.92019000520907,48.258547103335125,0.16517638918458222
3.71,C2_fixed_PD,51.20121660288169,48.53198962064162,0.1627904940865712
3.72,C2_fixed_PD,51.48441416869856,48.808267188200254,0.1610999826576958
3.73,C2_fixed_PD,51.76971282789782,49.08674166075647,0.1492507491390922
3.74,C2_fixed_PD,52.0570421873044,49.36765228800381,0.15522989026654838
3.75,C2_fixed_PD,52.34633135269819,49.651202259648564,0.16071026348878642
3.7600000000000002,C2_fixed_PD,52.63750894630644,49.93739260410225,0.16218025804515304
3.77,C2_fixed_PD,52.930503124414855,50.22583297170858,0.15549192647128116
3.7800000000000002,C2_fixed_PD,53.225241595094175,50.51659757085166,0.15821356382874452
3.79,C2_fixed_PD,53.52165163603701,50.8094898893425,0.15537142503111476
3.8000000000000003,C2_fixed_PD,53.81966011250105,51.10431421275981,0.15240432745627805
3.81,C2_fixed_PD,54.11919349535391,51.40170833001756,0.16675334847383522
3.8200000000000003,C2_fixed_PD,54.42017787921542,51.701931808625275,0.17380411402973311
3.83,C2_fixed_PD,54.722539000692535,52.00422329645058,0.1597496029110369
3.84,C2_fixed_PD,55.026202256702895,52.30847827093763,0.15879321914111147
3.85,C2_fixed_PD,55.3310927228819,52.614563418851354,0.1571773805788988
3.86,C2_fixed_PD,55.63713517206914,52.92266222685076,0.1621138921122064
3.87,C2_fixed_PD,55.94425409286975,53.232580825671945,0.15935481531890144
3.88,C2_fixed_PD,56.2523737082855,53.54401103429609,0.15406369812131696
3.89,C2_fixed_PD,56.561417994411805,53.856871873178015,0.15328855760572463
3.9,C2_fixed_PD,56.87131069919538,54.17089226327117,0.14849776134541146
3.91,C2_fixed_PD,57.18197536124834,54.48702266836669,0.16908259425530528
3.92,C2_fixed_PD,57.493335328713904,54.804990656051515,0.16496623662404375
3.93,C2_fixed_PD,57.80531377817911,55.12379279720825,0.1453305551784639
3.94,C2_fixed_PD,58.1178337336297,55.443625765136574,0.14995065955436576
3.95,C2_fixed_PD,58.4308180854431,55.76436979186641,0.1481638492996536
3.96,C2_fixed_PD,58.74418960941374,56.086270137881506,0.15395289347908755
3.97,C2_fixed_PD,59.05787098580715,56.40929455296774,0.15419500338201175
3.98,C2_fixed_PD,59.37178481843743,56.73315959232494,0.14918709493942856
3.99,C2_fixed_PD,59.68585365376358,57.058113316435325,0.15511214413729058
0.0,C3_NMI_adaptive_PD_demo,59.99999999999999,60.01593453016414,0.23372036141938676
0.01,C3_NMI_adaptive_PD_demo,60.31414634623641,60.04715555186264,0.23373507705184698
0.02,C3_NMI_adaptive_PD_demo,60.628215181562574,60.09392560157459,0.2536500632722842
0.03,C3_NMI_adaptive_PD_demo,60.94212901419285,60.15489073998521,0.23712748379419288
0.04,C3_NMI_adaptive_PD_demo,61.25581039058626,60.22991028879202,0.24675704649380115
0.05,C3_NMI_adaptive_PD_demo,61.5691819145569,60.31886298501896,0.25666893087155573
0.06,C3_NMI_adaptive_PD_demo,61.88216626637028,60.421335416164915,0.2597663120778919
0.07,C3_NMI_adaptive_PD_demo,62.19468622182091,60.53672166238542,0.2580271406181919
0.08,C3_NMI_adaptive_PD_demo,62.50666467128608,60.66476010115208,0.26355892952631566
0.09,C3_NMI_adaptive_PD_demo,62.81802463875166,60.804994392457,0.264345589002453
0.1,C3_NMI_adaptive_PD_demo,63.12868930080462,60.95670446344124,0.2586162740931045
0.11,C3_NMI_adaptive_PD_demo,63.43858200558819,61.11951513349349,0.2601254651765929
0.12,C3_NMI_adaptive_PD_demo,63.74762629171449,61.29315031671407,0.2635521672492576
0.13,C3_NMI_adaptive_PD_demo,64.05574590713024,61.47716002070127,0.2626921109531573
0.14,C3_NMI_adaptive_PD_demo,64.36286482793085,61.6710162546764,0.2596009799537721
0.15,C3_NMI_adaptive_PD_demo,64.66890727711811,61.87448882631876,0.2629157760629479
0.16,C3_NMI_adaptive_PD_demo,64.9737977432971,62.087050439938594,0.25911775986894164
0.17,C3_NMI_adaptive_PD_demo,65.27746099930746,62.30796801348566,0.25006321079693483
0.18,C3_NMI_adaptive_PD_demo,65.57982212078458,62.536998157319815,0.25173643693024567
0.19,C3_NMI_adaptive_PD_demo,65.88080650464607,62.774048687897135,0.25672012751739115
0.2,C3_NMI_adaptive_PD_demo,66.18033988749895,63.01839299926063,0.246813636731248
0.21,C3_NMI_adaptive_PD_demo,66.478348363963,63.26926088233121,0.23526954268325015
0.22,C3_NMI_adaptive_PD_demo,66.77475840490582,63.52649059915014,0.23727513953811546
0.23,C3_NMI_adaptive_PD_demo,67.06949687558514,63.78962921366006,0.23233721357988926
0.24,C3_NMI_adaptive_PD_demo,67.36249105369356,64.05802962466576,0.2224781336508552
0.25,C3_NMI_adaptive_PD_demo,67.6536686473018,64.33095556159783,0.2100086441753129
0.26,C3_NMI_adaptive_PD_demo,67.94295781269561,64.60876762261806,0.22262382947675322
0.27,C3_NMI_adaptive_PD_demo,68.23028717210218,64.89046337098038,0.2035765549109383
0.28,C3_NMI_adaptive_PD_demo,68.51558583130145,65.17642012112289,0.216112331400275
0.29,C3_NMI_adaptive_PD_demo,68.7987833971183,65.46582872957386,0.20106866196489614
0.3,C3_NMI_adaptive_PD_demo,69.07980999479093,65.75870581708661,0.20481558264891378
0.31,C3_NMI_adaptive_PD_demo,69.35859628521146,66.05394175393346,0.18207430250879061
0.32,C3_NMI_adaptive_PD_demo,69.6350734820343,66.35135857518749,0.180400622769604
0.33,C3_NMI_adaptive_PD_demo,69.90917336864815,66.65054046593809,0.1730033277056992
0.34,C3_NMI_adaptive_PD_demo,70.18082831500743,66.9517529560259,0.18134480326267566
0.35000000000000003,C3_NMI_adaptive_PD_demo,70.44997129431897,67.25419921231119,0.1648514338444593
0.36,C3_NMI_adaptive_PD_demo,70.71653589957994,67.55791894320268,0.16749136090229333
0.37,C3_NMI_adaptive_PD_demo,70.98045635996263,67.86257360881356,0.16124570690666234
0.38,C3_NMI_adaptive_PD_demo,71.2416675570426,68.16757710587275,0.14891522015446085
0.39,C3_NMI_adaptive_PD_demo,71.50010504086558,68.47254270831125,0.14087018516354446
0.4,C3_NMI_adaptive_PD_demo,71.75570504584947,68.7773987559893,0.13998128786224873
0.41000000000000003,C3_NMI_adaptive_PD_demo,72.00840450651768,69.08211427049845,0.1400132022317672
0.42,C3_NMI_adaptive_PD_demo,72.25814107305955,69.3864684549029,0.13555015112901575
0.43,C3_NMI_adaptive_PD_demo,72.5048531267141,69.68953895250763,0.11439354752674652
0.44,C3_NMI_adaptive_PD_demo,72.74847979497379,69.99135324853572,0.11498853139551816
0.45,C3_NMI_adaptive_PD_demo,72.98896096660367,70.29164958192877,0.10880138802572886
0.46,C3_NMI_adaptive_PD_demo,73.22623730647304,70.58979372102621,0.09369097003694296
0.47000000000000003,C3_NMI_adaptive_PD_demo,73.46025027019547,70.88646793975424,0.10912132634295216
0.48,C3_NMI_adaptive_PD_demo,73.69094211857377,71.18047390228459,0.08080449827105005
0.49,C3_NMI_adaptive_PD_demo,73.91825593184629,71.47148857890538,0.0722870942076795
0.5,C3_NMI_adaptive_PD_demo,74.14213562373095,71.7598157234995,0.07823587562738202
0.51,C3_NMI_adaptive_PD_demo,74.36252595526378,72.04552112703227,0.0788321602927295
0.52,C3_NMI_adaptive_PD_demo,74.57937254842824,72.3288614822152,0.083966883047547
0.53,C3_NMI_adaptive_PD_demo,74.7926218995722,72.60916791098091,0.06757567330798257
0.54,C3_NMI_adaptive_PD_demo,75.00222139260919,72.8867001637426,0.07251286082175246
0.55,C3_NMI_adaptive_PD_demo,75.20811931200062,73.16116291106462,0.06463176054549356
0.56,C3_NMI_adaptive_PD_demo,75.41026485551578,73.432474523215,0.0615711188718638
0.5700000000000001,C3_NMI_adaptive_PD_demo,75.6086081467666,73.70031336959585,0.05286058747468621
0.58,C3_NMI_adaptive_PD_demo,75.80310024751381,73.96425338097328,0.04153735052039367
0.59,C3_NMI_adaptive_PD_demo,75.99369316974182,74.22471127014848,0.0495802816570054
0.6,C3_NMI_adaptive_PD_demo,76.18033988749895,74.48166657785913,0.04771867933010758
0.61,C3_NMI_adaptive_PD_demo,76.36299434850046,74.73497864342833,0.04305183788424716
0.62,C3_NMI_adaptive_PD_demo,76.54161148549125,74.98449829958768,0.038108977022573085
0.63,C3_NMI_adaptive_PD_demo,76.71614722736541,75.23022625812435,0.036566862225230035
0.64,C3_NMI_adaptive_PD_demo,76.8865585100403,75.47187918798164,0.028438305633117694
0.65,C3_NMI_adaptive_PD_demo,77.05280328708184,75.7087073466019,0.009395637157699324
0.66,C3_NMI_adaptive_PD_demo,77.21484054007888,75.94118454870133,0.018149831815115702
0.67,C3_NMI_adaptive_PD_demo,77.37263028876382,76.16896622810815,0.00833562381275478
0.68,C3_NMI_adaptive_PD_demo,77.52613360087727,76.39239650775478,0.014184542676052625
0.6900000000000001,C3_NMI_adaptive_PD_demo,77.67531260177387,76.61097456667191,0.0008141829571909759
0.7000000000000001,C3_NMI_adaptive_PD_demo,77.82013048376736,76.82517794381745,0.009628211490561395
0.71,C3_NMI_adaptive_PD_demo,77.9605515152123,77.03460371567074,-0.0014757198984288594
0.72,C3_NMI_adaptive_PD_demo,78.0965410493204,77.23832828165429,-0.024591980302607896
0.73,C3_NMI_adaptive_PD_demo,78.22806553270891,77.43715192197747,-0.009020888042049577
0.74,C3_NMI_adaptive_PD_demo,78.35509251367962,77.63051856684542,-0.023789626588577556
0.75,C3_NMI_adaptive_PD_demo,78.47759065022574,77.81858950178518,-0.022589112200883048
0.76,C3_NMI_adaptive_PD_demo,78.59552971776503,78.00149898684388,-0.021902446703211544
0.77,C3_NMI_adaptive_PD_demo,78.70888061659736,78.17934085525543,-0.022047835344571907
0.78,C3_NMI_adaptive_PD_demo,78.81761537908451,78.35150377313639,-0.03800907294195592
0.79,C3_NMI_adaptive_PD_demo,78.92170717655091,78.5183946892099,-0.03141248597075386
0.8,C3_NMI_adaptive_PD_demo,79.02113032590307,78.67948494699985,-0.045537452400654814
0.81,C3_NMI_adaptive_PD_demo,79.1158602959666,78.83541577359783,-0.033792767225304145
0.8200000000000001,C3_NMI_adaptive_PD_demo,79.20587371353886,78.98591827613689,-0.04202627686869902
0.8300000000000001,C3_NMI_adaptive_PD_demo,79.29114836915596,79.1308481889081,-0.04759577283691446
0.84,C3_NMI_adaptive_PD_demo,79.37166322257262,79.27021555621542,-0.04980086996421392
0.85,C3_NMI_adaptive_PD_demo,79.44739840795353,79.4044646326517,-0.04235663077751045
0.86,C3_NMI_adaptive_PD_demo,79.51833523877494,79.53338544666983,-0.04919061813695406
0.87,C3_NMI_adaptive_PD_demo,79.58445621243531,79.65681202022907,-0.055135626466394805
0.88,C3_NMI_adaptive_PD_demo,79.64574501457378,79.77491317394548,-0.05377077822120807
0.89,C3_NMI_adaptive_PD_demo,79.70218652309548,79.88721956229949,-0.06644806664813373
0.9,C3_NMI_adaptive_PD_demo,79.75376681190276,79.99375996527225,-0.06833953079697842
0.91,C3_NMI_adaptive_PD_demo,79.80047315433114,80.09526634226981,-0.05464003600362266
0.92,C3_NMI_adaptive_PD_demo,79.84229402628955,80.19164754112431,-0.0587700803516586
0.93,C3_NMI_adaptive_PD_demo,79.87921910910359,80.28271223395653,-0.0651734514562582
0.9400000000000001,C3_NMI_adaptive_PD_demo,79.9112392920616,80.36803214355983,-0.07681808299618914
0.9500000000000001,C3_NMI_adaptive_PD_demo,79.93834667466255,80.4470620165933,-0.09102760391870982
0.96,C3_NMI_adaptive_PD_demo,79.96053456856544,80.5205380749045,-0.07784120616749018
0.97,C3_NMI_adaptive_PD_demo,79.9777974992394,80.58827391264313,-0.0841960337645498
0.98,C3_NMI_adaptive_PD_demo,79.99013120731463,80.650655492603,-0.07827847556787615
0.99,C3_NMI_adaptive_PD_demo,79.99753264963321,80.70766214813538,-0.08094424961148504
1.0,C3_NMI_adaptive_PD_demo,80.0,80.75954114519622,-0.0778306183446485
1.01,C3_NMI_adaptive_PD_demo,79.99753264963321,80.80570984018192,-0.09240995695471148
1.02,C3_NMI_adaptive_PD_demo,79.99013120731463,80.84590075445429,-0.10039337417670048
1.03,C3_NMI_adaptive_PD_demo,79.9777974992394,80.88052056038894,-0.09427794576634979
1.04,C3_NMI_adaptive_PD_demo,79.96053456856544,80.90907396473084,-0.10689284802007284
1.05,C3_NMI_adaptive_PD_demo,79.93834667466255,80.93194844114635,-0.10128172372565293
1.06,C3_NMI_adaptive_PD_demo,79.9112392920616,80.94923076670591,-0.10175332918636998
1.07,C3_NMI_adaptive_PD_demo,79.87921910910359,80.96077808927001,-0.10694185873551096
1.08,C3_NMI_adaptive_PD_demo,79.84229402628955,80.96662705099216,-0.10845943877012373
1.09,C3_NMI_adaptive_PD_demo,79.80047315433114,80.96661650919094,-0.11399398139101008
1.1,C3_NMI_adaptive_PD_demo,79.75376681190276,80.96134714508803,-0.1039929511351013
1.11,C3_NMI_adaptive_PD_demo,79.70218652309548,80.95124708107957,-0.09719157661380862
1.12,C3_NMI_adaptive_PD_demo,79.64574501457378,80.9356015110312,-0.11376366715001357
1.1300000000000001,C3_NMI_adaptive_PD_demo,79.58445621243531,80.91464369830636,-0.11117332600725927
1.1400000000000001,C3_NMI_adaptive_PD_demo,79.51833523877495,80.88821730464188,-0.11639096017019687
1.1500000000000001,C3_NMI_adaptive_PD_demo,79.44739840795353,80.85586209105952,-0.12765955842410584
1.16,C3_NMI_adaptive_PD_demo,79.37166322257262,80.81843049117431,-0.1128777430234991
1.17,C3_NMI_adaptive_PD_demo,79.29114836915596,80.77539027245246,-0.1254460627751105
1.18,C3_NMI_adaptive_PD_demo,79.20587371353886,80.72673210444934,-0.1277268443068327
1.19,C3_NMI_adaptive_PD_demo,79.1158602959666,80.67264143007453,-0.12617233222963342
1.2,C3_NMI_adaptive_PD_demo,79.02113032590307,80.61296645483283,-0.13115286919688218
1.21,C3_NMI_adaptive_PD_demo,78.92170717655091,80.54820942339306,-0.12338359578558095
1.22,C3_NMI_adaptive_PD_demo,78.81761537908451,80.47845252690408,-0.12365410348022643
1.23,C3_NMI_adaptive_PD_demo,78.70888061659736,80.40321769909323,-0.1347944499988721
1.24,C3_NMI_adaptive_PD_demo,78.59552971776503,80.3226474458256,-0.13403249192181033
1.25,C3_NMI_adaptive_PD_demo,78.47759065022574,80.2365945113816,-0.13876192082412556
1.26,C3_NMI_adaptive_PD_demo,78.35509251367962,80.14545501676425,-0.13315663161162344
1.27,C3_NMI_adaptive_PD_demo,78.22806553270891,80.04885898551008,-0.14199636243899277
1.28,C3_NMI_adaptive_PD_demo,78.0965410493204,79.94741609616875,-0.13235872155938716
1.29,C3_NMI_adaptive_PD_demo,77.96055151521232,79.84137374180614,-0.1293539301577788
1.3,C3_NMI_adaptive_PD_demo,77.82013048376736,79.73102130139245,-0.1254277345443974
1.31,C3_NMI_adaptive_PD_demo,77.67531260177387,79.61608192566325,-0.13231512904710796
1.32,C3_NMI_adaptive_PD_demo,77.52613360087727,79.49601821939615,-0.1440809985282715
1.33,C3_NMI_adaptive_PD_demo,77.37263028876382,79.37153776774393,-0.13254273805923858
1.34,C3_NMI_adaptive_PD_demo,77.21484054007888,79.24235752184384,-0.13946230277744454
1.35,C3_NMI_adaptive_PD_demo,77.05280328708184,79.10777398966167,-0.1540370784989195
1.36,C3_NMI_adaptive_PD_demo,76.8865585100403,78.96823104595697,-0.14774574221203235
1.37,C3_NMI_adaptive_PD_demo,76.71614722736541,78.82351471519027,-0.15328299562741352
1.3800000000000001,C3_NMI_adaptive_PD_demo,76.54161148549123,78.67449811376025,-0.13902397754789475
1.3900000000000001,C3_NMI_adaptive_PD_demo,76.36299434850046,78.52162058523353,-0.13228683151274925
1.4000000000000001,C3_NMI_adaptive_PD_demo,76.18033988749895,78.36373324444057,-0.15474668540352068
1.41,C3_NMI_adaptive_PD_demo,75.99369316974182,78.20175049127678,-0.1397667608500039
1.42,C3_NMI_adaptive_PD_demo,75.80310024751381,78.03525425353392,-0.1488143869207946
1.43,C3_NMI_adaptive_PD_demo,75.6086081467666,77.86425493943933,-0.15011653381983026
1.44,C3_NMI_adaptive_PD_demo,75.41026485551578,77.68913647090793,-0.14465740899728166
1.45,C3_NMI_adaptive_PD_demo,75.20811931200062,77.50920897100924,-0.15833683569726312
1.46,C3_NMI_adaptive_PD_demo,75.00222139260919,77.32455272996457,-0.15842136688575773
1.47,C3_NMI_adaptive_PD_demo,74.7926218995722,77.13553258019208,-0.15349522367257204
1.48,C3_NMI_adaptive_PD_demo,74.57937254842822,76.94237321548106,-0.15091288942083753
1.49,C3_NMI_adaptive_PD_demo,74.36252595526378,76.7450581732131,-0.15252905105366255
1.5,C3_NMI_adaptive_PD_demo,74.14213562373095,76.54400843766105,-0.1463908393423546
1.51,C3_NMI_adaptive_PD_demo,73.91825593184629,76.33900513925647,-0.15148831584286904
1.52,C3_NMI_adaptive_PD_demo,73.69094211857377,76.13005557965637,-0.1526117969363049
1.53,C3_NMI_adaptive_PD_demo,73.46025027019547,75.91742331543026,-0.14922552737907577
1.54,C3_NMI_adaptive_PD_demo,73.22623730647304,75.70065603961841,-0.15825076527467874
1.55,C3_NMI_adaptive_PD_demo,72.98896096660367,75.48047699536593,-0.14692446543032456
1.56,C3_NMI_adaptive_PD_demo,72.7484797949738,75.25663246637606,-0.15246086019970112
1.57,C3_NMI_adaptive_PD_demo,72.5048531267141,75.02968473430988,-0.1437252127559807
1.58,C3_NMI_adaptive_PD_demo,72.25814107305955,74.79885725614784,-0.1582318045253253
1.59,C3_NMI_adaptive_PD_demo,72.00840450651768,74.56414939375756,-0.15937304701011196
1.6,C3_NMI_adaptive_PD_demo,71.75570504584947,74.32567111224425,-0.15863392674883336
1.61,C3_NMI_adaptive_PD_demo,71.50010504086556,74.08283738995199,-0.16932689406547385
1.62,C3_NMI_adaptive_PD_demo,71.2416675570426,73.83633511415745,-0.15920166337270886
1.6300000000000001,C3_NMI_adaptive_PD_demo,70.98045635996263,73.58678174195582,-0.14981269014874715
1.6400000000000001,C3_NMI_adaptive_PD_demo,70.71653589957994,73.33318437478388,-0.1671928348679982
1.6500000000000001,C3_NMI_adaptive_PD_demo,70.44997129431897,73.07668475596796,-0.14935677711650916
1.6600000000000001,C3_NMI_adaptive_PD_demo,70.18082831500742,72.81683393974573,-0.15774832360269
1.67,C3_NMI_adaptive_PD_demo,69.90917336864815,72.55372195450403,-0.15717567394392418
1.68,C3_NMI_adaptive_PD_demo,69.63507348203431,72.28788989206117,-0.14903578775662246
1.69,C3_NMI_adaptive_PD_demo,69.35859628521146,72.0187292247761,-0.15990121088957085
1.7,C3_NMI_adaptive_PD_demo,69.07980999479093,71.74662914947196,-0.1544000846729973
1.71,C3_NMI_adaptive_PD_demo,68.79878339711831,71.47159716943516,-0.1550678142777689
1.72,C3_NMI_adaptive_PD_demo,68.51558583130145,71.19406478729897,-0.14870778983952354
1.73,C3_NMI_adaptive_PD_demo,68.23028717210218,70.91351443495905,-0.15789494583232647
1.74,C3_NMI_adaptive_PD_demo,67.94295781269561,70.63065670522525,-0.14700025128373684
1.75,C3_NMI_adaptive_PD_demo,67.6536686473018,70.3458009968953,-0.14243640531388396
1.76,C3_NMI_adaptive_PD_demo,67.36249105369356,70.05805828055607,-0.15764569432736858
1.77,C3_NMI_adaptive_PD_demo,67.06949687558514,69.76805540502546,-0.14816433495798145
1.78,C3_NMI_adaptive_PD_demo,66.77475840490582,69.475715847282,-0.1500117922056646
1.79,C3_NMI_adaptive_PD_demo,66.478348363963,69.18056992319755,-0.1581228401849852
1.8,C3_NMI_adaptive_PD_demo,66.18033988749895,68.88295057903323,-0.15346529971273257
1.81,C3_NMI_adaptive_PD_demo,65.88080650464609,68.58309300261638,-0.15026478305089797
1.82,C3_NMI_adaptive_PD_demo,65.57982212078458,68.28095231200592,-0.15150401083216372
1.83,C3_NMI_adaptive_PD_demo,65.27746099930745,67.97713287204364,-0.1422304367561703
1.84,C3_NMI_adaptive_PD_demo,64.9737977432971,67.67126309371334,-0.14867772509278954
1.85,C3_NMI_adaptive_PD_demo,64.66890727711811,67.3633246766566,-0.14941948270179273
1.86,C3_NMI_adaptive_PD_demo,64.36286482793085,67.05351042936601,-0.14678511045442874
1.87,C3_NMI_adaptive_PD_demo,64.05574590713024,66.74217901712909,-0.14140419690949976
1.8800000000000001,C3_NMI_adaptive_PD_demo,63.74762629171449,66.43040971512217,-0.12364993069047699
1.8900000000000001,C3_NMI_adaptive_PD_demo,63.43858200558819,66.11696190317261,-0.14442459098074734
1.9000000000000001,C3_NMI_adaptive_PD_demo,63.12868930080462,65.80204610294062,-0.14137659144765388
1.9100000000000001,C3_NMI_adaptive_PD_demo,62.81802463875166,65.48587596388727,-0.138207405766298
1.92,C3_NMI_adaptive_PD_demo,62.50666467128608,65.16818812440259,-0.14269461848995918
1.93,C3_NMI_adaptive_PD_demo,62.19468622182092,64.84921899070636,-0.13918307744997244
1.94,C3_NMI_adaptive_PD_demo,61.88216626637028,64.52906531644332,-0.13785117132517016
1.95,C3_NMI_adaptive_PD_demo,61.5691819145569,64.2082886193935,-0.12887339829152225
1.96,C3_NMI_adaptive_PD_demo,61.25581039058626,63.886925867301144,-0.12834793015553092
1.97,C3_NMI_adaptive_PD_demo,60.94212901419285,63.56449878130417,-0.13622910007633657
1.98,C3_NMI_adaptive_PD_demo,60.628215181562574,63.241176493013384,-0.1336526176011798
1.99,C3_NMI_adaptive_PD_demo,60.31414634623641,62.91701991079861,-0.13277679080488325
2.0,C3_NMI_adaptive_PD_demo,59.99999999999999,62.59210159570222,-0.13169194387334737
2.0100000000000002,C3_NMI_adaptive_PD_demo,59.68585365376358,62.26643254179395,-0.13157632400864067
2.02,C3_NMI_adaptive_PD_demo,59.37178481843745,61.94020671728298,-0.1284983792370727
2.0300000000000002,C3_NMI_adaptive_PD_demo,59.05787098580715,61.61346800063092,-0.1277943700225541
2.04,C3_NMI_adaptive_PD_demo,58.74418960941372,61.2862696809035,-0.12692100492695402
2.05,C3_NMI_adaptive_PD_demo,58.430818085443114,60.95850246355258,-0.12864103440277247
2.06,C3_NMI_adaptive_PD_demo,58.11783373362971,60.63067741037259,-0.12035043472862043
2.07,C3_NMI_adaptive_PD_demo,57.8053137781791,60.30248917447294,-0.12517744684783427
2.08,C3_NMI_adaptive_PD_demo,57.493335328713904,59.97407522434917,-0.12288806029565873
2.09,C3_NMI_adaptive_PD_demo,57.181975361248355,59.64567867245011,-0.11883923719113015
2.1,C3_NMI_adaptive_PD_demo,56.871310699195384,59.31754563888901,-0.11464266163831913
2.11,C3_NMI_adaptive_PD_demo,56.56141799441181,58.989502256702,-0.11726341426534348
2.12,C3_NMI_adaptive_PD_demo,56.2523737082855,58.661492428093624,-0.11797376111335117
2.13,C3_NMI_adaptive_PD_demo,55.944254092869755,58.334167174342475,-0.10708945000876517
2.14,C3_NMI_adaptive_PD_demo,55.63713517206915,58.00725611411962,-0.11123127376975582
2.15,C3_NMI_adaptive_PD_demo,55.33109272288189,57.68083791010791,-0.10965440467425587
2.16,C3_NMI_adaptive_PD_demo,55.02620225670291,57.355199945754705,-0.10458616334023269
2.17,C3_NMI_adaptive_PD_demo,54.72253900069255,57.030394742552566,-0.10333050525806517
2.18,C3_NMI_adaptive_PD_demo,54.420177879215416,56.706755088171,-0.09732689667877782
2.19,C3_NMI_adaptive_PD_demo,54.119193495353926,56.38419983460688,-0.09821549722293545
2.2,C3_NMI_adaptive_PD_demo,53.81966011250105,56.062910813535574,-0.09466056220497189
2.21,C3_NMI_adaptive_PD_demo,53.521651636037014,55.74267343670511,-0.09777707669520003
2.22,C3_NMI_adaptive_PD_demo,53.22524159509417,55.42354051139649,-0.0964225167933595
2.23,C3_NMI_adaptive_PD_demo,52.930503124414855,55.105577131812026,-0.09484242859186234
2.24,C3_NMI_adaptive_PD_demo,52.63750894630643,54.788592744636674,-0.09753601078181158
2.25,C3_NMI_adaptive_PD_demo,52.34633135269821,54.47283744551602,-0.09288595937068
2.2600000000000002,C3_NMI_adaptive_PD_demo,52.05704218730438,54.158544190061534,-0.08841296482098279
2.27,C3_NMI_adaptive_PD_demo,51.769712827897834,53.84577762130992,-0.08671983097968365
2.2800000000000002,C3_NMI_adaptive_PD_demo,51.48441416869855,53.534722093709625,-0.08294678563245307
2.29,C3_NMI_adaptive_PD_demo,51.20121660288171,53.225168463838,-0.0858640385775157
2.3000000000000003,C3_NMI_adaptive_PD_demo,50.92019000520906,52.917200199819284,-0.08383463457935672
2.31,C3_NMI_adaptive_PD_demo,50.64140371478854,52.61036873230295,-0.09075888880520319
2.32,C3_NMI_adaptive_PD_demo,50.3649265179657,52.304814393487334,-0.08790022985169046
2.33,C3_NMI_adaptive_PD_demo,50.090826631351845,52.00066468750034,-0.08520946235613136
2.34,C3_NMI_adaptive_PD_demo,49.81917168499258,51.69785593408102,-0.08567875304417708
2.35,C3_NMI_adaptive_PD_demo,49.55002870568103,51.397451689125035,-0.06690778391991534
2.36,C3_NMI_adaptive_PD_demo,49.28346410042007,51.09896034461474,-0.07455273105548699
2.37,C3_NMI_adaptive_PD_demo,49.01954364003736,50.80244542119689,-0.07272872030283489
2.38,C3_NMI_adaptive_PD_demo,48.758332442957396,50.5080779734862,-0.06902683307550372
2.39,C3_NMI_adaptive_PD_demo,48.49989495913443,50.215467646639176,-0.0749039006691454
2.4,C3_NMI_adaptive_PD_demo,48.24429495415054,49.92461181368863,-0.07425417125690481
2.41,C3_NMI_adaptive_PD_demo,47.991595493482315,49.63607830990071,-0.06384371045639767
2.42,C3_NMI_adaptive_PD_demo,47.74185892694047,49.35004760793249,-0.05983767303817327
2.43,C3_NMI_adaptive_PD_demo,47.4951468732859,49.06710734020811,-0.04848711329665615
2.44,C3_NMI_adaptive_PD_demo,47.25152020502621,48.787298511197825,-0.0466104684466569
2.45,C3_NMI_adaptive_PD_demo,47.01103903339632,48.51014135357404,-0.05403857785559258
2.46,C3_NMI_adaptive_PD_demo,46.77376269352696,48.235937238466256,-0.04770733891230649
2.47,C3_NMI_adaptive_PD_demo,46.539749729804534,47.9651077447539,-0.03899761558472449
2.48,C3_NMI_adaptive_PD_demo,46.30905788142623,47.697343042856964,-0.04338826800247151
2.49,C3_NMI_adaptive_PD_demo,46.08174406815371,47.432565194508044,-0.043681692054699434
2.5,C3_NMI_adaptive_PD_demo,45.85786437626905,47.170679197291705,-0.044310454402075115
2.5100000000000002,C3_NMI_adaptive_PD_demo,45.63747404473622,46.91206477426453,-0.036399340091243196
2.52,C3_NMI_adaptive_PD_demo,45.420627451571775,46.65682622596278,-0.03330293976134038
2.5300000000000002,C3_NMI_adaptive_PD_demo,45.2073781004278,46.404938708029526,-0.032531117277884915
2.54,C3_NMI_adaptive_PD_demo,44.99777860739081,46.1564135652989,-0.031108796497796742
2.5500000000000003,C3_NMI_adaptive_PD_demo,44.79188068799938,45.91169532048759,-0.021643980967580675
2.56,C3_NMI_adaptive_PD_demo,44.58973514448421,45.670245608422434,-0.030226049138403814
2.57,C3_NMI_adaptive_PD_demo,44.391391853233415,45.43175006261801,-0.03479069845526187
2.58,C3_NMI_adaptive_PD_demo,44.19689975248619,45.196703583005096,-0.024693299277754648
2.59,C3_NMI_adaptive_PD_demo,44.00630683025819,44.96582444404669,-0.009973233099096049
2.6,C3_NMI_adaptive_PD_demo,43.819660112501055,44.73869323089852,-0.016343470161190934
2.61,C3_NMI_adaptive_PD_demo,43.637005651499535,44.515897094965766,-0.0038160648699034697
2.62,C3_NMI_adaptive_PD_demo,43.45838851450877,44.297469630554225,-0.0015195956634953128
2.63,C3_NMI_adaptive_PD_demo,43.2838527726346,44.08271247497525,-0.013197115410141215
2.64,C3_NMI_adaptive_PD_demo,43.1134414899597,43.87185805006304,-0.007473209245626722
2.65,C3_NMI_adaptive_PD_demo,42.947196712918156,43.66517800534009,-0.0008449712229167544
2.66,C3_NMI_adaptive_PD_demo,42.785159459921125,43.46310950182471,0.00920810615588151
2.67,C3_NMI_adaptive_PD_demo,42.62736971123617,43.26542505418025,0.006538642963723938
2.68,C3_NMI_adaptive_PD_demo,42.47386639912273,43.07173899208981,0.0007102070243080946
2.69,C3_NMI_adaptive_PD_demo,42.32468739822613,42.8821421588303,0.003923615221747119
2.7,C3_NMI_adaptive_PD_demo,42.17986951623264,42.69649586889303,0.0027385585324139344
2.71,C3_NMI_adaptive_PD_demo,42.03944848478769,42.51462345829275,0.0007610511509173537
2.72,C3_NMI_adaptive_PD_demo,41.90345895067961,42.3371362040493,0.01396961987342157
2.73,C3_NMI_adaptive_PD_demo,41.7719344672911,42.16384005839034,0.01180707387781342
2.74,C3_NMI_adaptive_PD_demo,41.64490748632038,41.994962039724655,0.017802345052590544
2.75,C3_NMI_adaptive_PD_demo,41.52240934977427,41.83064432114253,0.022270725790669528
2.7600000000000002,C3_NMI_adaptive_PD_demo,41.404470282234975,41.670845888839324,0.023184515903145676
2.77,C3_NMI_adaptive_PD_demo,41.29111938340265,41.515256905439685,0.01875209184337366
2.7800000000000002,C3_NMI_adaptive_PD_demo,41.18238462091549,41.36450644027136,0.032825318857703234
2.79,C3_NMI_adaptive_PD_demo,41.07829282344909,41.217989778493774,0.022616614233327687
2.8000000000000003,C3_NMI_adaptive_PD_demo,40.97886967409693,41.07567129735825,0.02345266596900289
2.81,C3_NMI_adaptive_PD_demo,40.8841397040334,40.9380295614127,0.03453519810416755
2.82,C3_NMI_adaptive_PD_demo,40.794126286461136,40.805035706097456,0.03573593521551332
2.83,C3_NMI_adaptive_PD_demo,40.70885163084404,40.67720443113021,0.04801517931862338
2.84,C3_NMI_adaptive_PD_demo,40.62833677742738,40.55345689287707,0.028208502299422584
2.85,C3_NMI_adaptive_PD_demo,40.55260159204647,40.4342676291258,0.03918644661974361
2.86,C3_NMI_adaptive_PD_demo,40.481664761225055,40.31991532157621,0.046582736576868775
2.87,C3_NMI_adaptive_PD_demo,40.415543787564694,40.21046210727936,0.04976549988156309
2.88,C3_NMI_adaptive_PD_demo,40.35425498542622,40.10582083197055,0.04988924514200539
2.89,C3_NMI_adaptive_PD_demo,40.29781347690452,40.00633964637107,0.05902106264867349
2.9,C3_NMI_adaptive_PD_demo,40.24623318809725,39.91175921183703,0.05569514468984016
2.91,C3_NMI_adaptive_PD_demo,40.19952684566885,39.82245200620414,0.06543010340505848
2.92,C3_NMI_adaptive_PD_demo,40.15770597371045,39.73801168543929,0.05906840605642211
2.93,C3_NMI_adaptive_PD_demo,40.120780890896405,39.65880422188634,0.06866873450662071
2.94,C3_NMI_adaptive_PD_demo,40.0887607079384,39.58438242642526,0.06140528581186223
2.95,C3_NMI_adaptive_PD_demo,40.061653325337446,39.51507240795878,0.07012951882672308
2.96,C3_NMI_adaptive_PD_demo,40.039465431434564,39.45077517512509,0.07010711552922055
2.97,C3_NMI_adaptive_PD_demo,40.0222025007606,39.39073879743245,0.0563331976843237
2.98,C3_NMI_adaptive_PD_demo,40.00986879268537,39.33565397111192,0.0723796939639075
2.99,C3_NMI_adaptive_PD_demo,40.002467350366786,39.28569982106357,0.0781470942161078
3.0,C3_NMI_adaptive_PD_demo,40.0,39.24095305289222,0.08186683145141792
3.0100000000000002,C3_NMI_adaptive_PD_demo,40.002467350366786,39.20173082861145,0.09078931638166068
3.02,C3_NMI_adaptive_PD_demo,40.00986879268537,39.167408249443504,0.07978510359062073
3.0300000000000002,C3_NMI_adaptive_PD_demo,40.0222025007606,39.13786321282792,0.07913836334403843
3.04,C3_NMI_adaptive_PD_demo,40.039465431434564,39.11357123725652,0.09117298874675403
3.0500000000000003,C3_NMI_adaptive_PD_demo,40.061653325337446,39.094071568209216,0.0834971425207644
3.06,C3_NMI_adaptive_PD_demo,40.0887607079384,39.07990957860899,0.09708658432634436
3.0700000000000003,C3_NMI_adaptive_PD_demo,40.120780890896405,39.0715549783743,0.10951048207422331
3.08,C3_NMI_adaptive_PD_demo,40.15770597371044,39.068645922248244,0.10422773559238817
3.09,C3_NMI_adaptive_PD_demo,40.19952684566885,39.07128005239644,0.10868744777482117
3.1,C3_NMI_adaptive_PD_demo,40.24623318809724,39.07920628464041,0.10564144095617056
3.11,C3_NMI_adaptive_PD_demo,40.29781347690452,39.09215503455999,0.10204307487609066
3.12,C3_NMI_adaptive_PD_demo,40.35425498542622,39.11057819689092,0.11395324398552502
3.13,C3_NMI_adaptive_PD_demo,40.415543787564694,39.13420541371404,0.11044149622381026
3.14,C3_NMI_adaptive_PD_demo,40.481664761225055,39.16294624269318,0.11068359629023042
3.15,C3_NMI_adaptive_PD_demo,40.552601592046464,39.19706207558109,0.11856182960099865
3.16,C3_NMI_adaptive_PD_demo,40.62833677742738,39.23657738341416,0.12144684759472041
3.17,C3_NMI_adaptive_PD_demo,40.70885163084404,39.281176461142564,0.11689191001975985
3.18,C3_NMI_adaptive_PD_demo,40.794126286461136,39.33062401317583,0.11390647337167228
3.19,C3_NMI_adaptive_PD_demo,40.8841397040334,39.385347232038434,0.12530649654761836
3.2,C3_NMI_adaptive_PD_demo,40.97886967409693,39.44536112154166,0.12795609491492713
3.21,C3_NMI_adaptive_PD_demo,41.07829282344909,39.510459725167806,0.1257498619576342
3.22,C3_NMI_adaptive_PD_demo,41.18238462091549,39.58050021187455,0.12480771913491755
3.23,C3_NMI_adaptive_PD_demo,41.29111938340265,39.65570966745167,0.13194851143246267
3.24,C3_NMI_adaptive_PD_demo,41.404470282234975,39.73599834993962,0.13224896522345497
3.25,C3_NMI_adaptive_PD_demo,41.522409349774264,39.821310396667265,0.13324881305568528
3.2600000000000002,C3_NMI_adaptive_PD_demo,41.64490748632038,39.91186541722339,0.14034230041068946
3.27,C3_NMI_adaptive_PD_demo,41.771934467291096,40.00735959998573,0.13595844198124196
3.2800000000000002,C3_NMI_adaptive_PD_demo,41.90345895067961,40.10787709837446,0.14001019421294078
3.29,C3_NMI_adaptive_PD_demo,42.03944848478769,40.212769603771946,0.12785160477480412
3.3000000000000003,C3_NMI_adaptive_PD_demo,42.17986951623264,40.32264767400138,0.1432469472950541
3.31,C3_NMI_adaptive_PD_demo,42.32468739822613,40.437195695629406,0.13845317337247626
3.3200000000000003,C3_NMI_adaptive_PD_demo,42.473866399122734,40.55641855121524,0.14060413044712589
3.33,C3_NMI_adaptive_PD_demo,42.62736971123617,40.68072483250894,0.15180977657935957
3.34,C3_NMI_adaptive_PD_demo,42.78515945992112,40.81009961630381,0.15383623856857837
3.35,C3_NMI_adaptive_PD_demo,42.947196712918156,40.94425729943751,0.14978543163464264
3.36,C3_NMI_adaptive_PD_demo,43.11344148995969,41.082841190322355,0.14396439719187099
3.37,C3_NMI_adaptive_PD_demo,43.2838527726346,41.226187864244565,0.15346470938105572
3.38,C3_NMI_adaptive_PD_demo,43.45838851450876,41.374276752324064,0.15519710187124702
3.39,C3_NMI_adaptive_PD_demo,43.63700565149953,41.52770399358606,0.17087677614383823
3.4,C3_NMI_adaptive_PD_demo,43.81966011250105,41.6856592177459,0.1551809119912379
3.41,C3_NMI_adaptive_PD_demo,44.00630683025818,41.84789811166961,0.1517500071515286
3.42,C3_NMI_adaptive_PD_demo,44.19689975248619,42.01435531780621,0.1521981062490538
3.43,C3_NMI_adaptive_PD_demo,44.391391853233415,42.18500911263318,0.15359914912455788
3.44,C3_NMI_adaptive_PD_demo,44.58973514448421,42.36004841554084,0.15976139891753555
3.45,C3_NMI_adaptive_PD_demo,44.79188068799938,42.5393995095519,0.16013535569601942
3.46,C3_NMI_adaptive_PD_demo,44.99777860739081,42.72271516932126,0.15428564589041638
3.47,C3_NMI_adaptive_PD_demo,45.2073781004278,42.91024963421835,0.16182043320745093
3.48,C3_NMI_adaptive_PD_demo,45.42062745157177,43.10257922111955,0.1769116352255918
3.49,C3_NMI_adaptive_PD_demo,45.63747404473622,43.29866209784887,0.15562956785052912
3.5,C3_NMI_adaptive_PD_demo,45.85786437626905,43.49907776579505,0.170477985571614
3.5100000000000002,C3_NMI_adaptive_PD_demo,46.081744068153725,43.70305736871361,0.15511476236996052
3.52,C3_NMI_adaptive_PD_demo,46.30905788142622,43.910493179398706,0.1542553481341993
3.5300000000000002,C3_NMI_adaptive_PD_demo,46.53974972980454,44.12164011690008,0.16156499019681952
3.54,C3_NMI_adaptive_PD_demo,46.773762693526955,44.336424231410284,0.1616056791385768
3.5500000000000003,C3_NMI_adaptive_PD_demo,47.01103903339633,44.554540192716985,0.15635453478119166
3.56,C3_NMI_adaptive_PD_demo,47.25152020502621,44.77682156306794,0.17684574035666487
3.5700000000000003,C3_NMI_adaptive_PD_demo,47.4951468732859,45.00280264733599,0.1683096431995311
3.58,C3_NMI_adaptive_PD_demo,47.741858926940466,45.23243790086165,0.16906137416159894
3.59,C3_NMI_adaptive_PD_demo,47.99159549348232,45.46602158187973,0.17757619601617722
3.6,C3_NMI_adaptive_PD_demo,48.24429495415053,45.70262321308479,0.15832135601163294
3.61,C3_NMI_adaptive_PD_demo,48.49989495913442,45.9429689551303,0.1762818034054244
3.62,C3_NMI_adaptive_PD_demo,48.75833244295739,46.18703003978756,0.1775298342919827
3.63,C3_NMI_adaptive_PD_demo,49.019543640037355,46.43444480582901,0.1711413213951719
3.64,C3_NMI_adaptive_PD_demo,49.283464100420076,46.68493908814986,0.16652609296558374
3.65,C3_NMI_adaptive_PD_demo,49.550028705681015,46.93893948936746,0.17780177584527712
3.66,C3_NMI_adaptive_PD_demo,49.81917168499258,47.19636965500897,0.17786664514854061
3.67,C3_NMI_adaptive_PD_demo,50.09082663135185,47.45683709340537,0.17063179856183558
3.68,C3_NMI_adaptive_PD_demo,50.36492651796569,47.7208404545295,0.18363142433408597
3.69,C3_NMI_adaptive_PD_demo,50.64140371478853,47.98809790938355,0.17904315327833586
3.7,C3_NMI_adaptive_PD_demo,50.92019000520907,48.258547103335125,0.1793316445550973
3.71,C3_NMI_adaptive_PD_demo,51.20121660288169,48.53198962064162,0.17645874484858146
3.72,C3_NMI_adaptive_PD_demo,51.48441416869856,48.808267188200254,0.17438941486217127
3.73,C3_NMI_adaptive_PD_demo,51.76971282789782,49.08674166075647,0.16119035243804253
3.74,C3_NMI_adaptive_PD_demo,52.0570421873044,49.36765228800381,0.1677360583050218
3.75,C3_NMI_adaptive_PD_demo,52.34633135269819,49.651202259648564,0.17365825329838921
3.7600000000000002,C3_NMI_adaptive_PD_demo,52.63750894630644,49.93739260410225,0.17509187975605503
3.77,C3_NMI_adaptive_PD_demo,52.930503124414855,50.22583297170858,0.16751745966180923
3.7800000000000002,C3_NMI_adaptive_PD_demo,53.225241595094175,50.51659757085166,0.17039972366085232
3.79,C3_NMI_adaptive_PD_demo,53.52165163603701,50.8094898893425,0.16711176898001756
3.8000000000000003,C3_NMI_adaptive_PD_demo,53.81966011250105,51.10431421275981,0.16372414828945198
3.81,C3_NMI_adaptive_PD_demo,54.11919349535391,51.40170833001756,0.17947153569232607
3.8200000000000003,C3_NMI_adaptive_PD_demo,54.42017787921542,51.701931808625275,0.18699368370651973
3.83,C3_NMI_adaptive_PD_demo,54.722539000692535,52.00422329645058,0.17104946921488692
3.84,C3_NMI_adaptive_PD_demo,55.026202256702895,52.30847827093763,0.16980497925033503
3.85,C3_NMI_adaptive_PD_demo,55.3310927228819,52.614563418851354,0.16784046683208062
3.86,C3_NMI_adaptive_PD_demo,55.63713517206914,52.92266222685076,0.17313880421537198
3.87,C3_NMI_adaptive_PD_demo,55.94425409286975,53.232580825671945,0.1698483082461942
3.88,C3_NMI_adaptive_PD_demo,56.2523737082855,53.54401103429609,0.16379378890730023
3.89,C3_NMI_adaptive_PD_demo,56.561417994411805,53.856871873178015,0.16280185144971948
3.9,C3_NMI_adaptive_PD_demo,56.87131069919538,54.17089226327117,0.15737536272140054
3.91,C3_NMI_adaptive_PD_demo,57.18197536124834,54.48702266836669,0.18010425422993306
3.92,C3_NMI_adaptive_PD_demo,57.493335328713904,54.804990656051515,0.17515787172708375
3.93,C3_NMI_adaptive_PD_demo,57.80531377817911,55.12379279720825,0.15308660940311747
3.94,C3_NMI_adaptive_PD_demo,58.1178337336297,55.443625765136574,0.15814591229211947
3.95,C3_NMI_adaptive_PD_demo,58.4308180854431,55.76436979186641,0.15603961332500488
3.96,C3_NMI_adaptive_PD_demo,58.74418960941374,56.086270137881506,0.16233431077852223
3.97,C3_NMI_adaptive_PD_demo,59.05787098580715,56.40929455296774,0.16239176086583298
3.98,C3_NMI_adaptive_PD_demo,59.37178481843743,56.73315959232494,0.15661475205143421
3.99,C3_NMI_adaptive_PD_demo,59.68585365376358,57.058113316435325,0.1630113637131246
