run,condition,controller,mae_deg,rmse_deg,max_abs_error_deg,activation_effort_proxy,cci_proxy,preclip_joint_limit_violations,torque_saturations
0,nominal,C1_no_assistance,1.8474260064566304,2.049313296829297,3.3398238011217853,0.22724284447632648,0.5975899420912286,0,0
0,nominal,C2_fixed_PD,1.8474260064566304,2.049313296829297,3.3398238011217853,0.22044521157292324,0.5988829248495111,0,0
0,nominal,C3_NMI_adaptive_PD_demo,1.8474260064566304,2.049313296829297,3.3398238011217853,0.21536180688250162,0.6142107656043047,0,0
0,noise,C1_no_assistance,1.8481001152321097,2.042568158600602,3.3314582443395597,0.22732626391089916,0.5994864888807906,0,0
0,noise,C2_fixed_PD,1.8481001152321097,2.042568158600602,3.3314582443395597,0.22044574416795953,0.5992889298683326,0,0
0,noise,C3_NMI_adaptive_PD_demo,1.8481001152321097,2.042568158600602,3.3314582443395597,0.21496509609788192,0.6155033991751749,0,0
0,burst_fatigue,C1_no_assistance,2.932075998558013,3.5536741037298274,7.016466866127879,0.2678763295638034,0.5759803382142015,0,0
0,burst_fatigue,C2_fixed_PD,2.27650847313058,2.7760773682157556,6.360505731312557,0.23690340462324808,0.6257130842583772,0,0
0,burst_fatigue,C3_NMI_adaptive_PD_demo,2.252823465516736,2.729203466408182,6.167591739169752,0.23079375986519388,0.644582973537156,0,0
1,nominal,C1_no_assistance,1.8355792652179748,2.039164626732962,3.3228948086542367,0.2271949463874536,0.5976657542710193,0,0
1,nominal,C2_fixed_PD,1.8355792652179748,2.039164626732962,3.3228948086542367,0.2204784255160343,0.5987978020228194,0,0
1,nominal,C3_NMI_adaptive_PD_demo,1.8355792652179748,2.039164626732962,3.3228948086542367,0.21539263015579976,0.6141220681544207,0,0
1,noise,C1_no_assistance,1.7893267499215821,1.9918260634845615,3.246686362174102,0.22708177071079697,0.5997888949534171,0,0
1,noise,C2_fixed_PD,1.7893267499215821,1.9918260634845615,3.246686362174102,0.2206135412833979,0.5988957967062319,0,0
1,noise,C3_NMI_adaptive_PD_demo,1.7893267499215821,1.9918260634845615,3.246686362174102,0.2151419576399504,0.6151182254611903,0,0
1,burst_fatigue,C1_no_assistance,2.850366830475384,3.352024386719602,6.139986880834431,0.2654137065631601,0.584636245907202,0,0
1,burst_fatigue,C2_fixed_PD,2.1802643944100257,2.472203246984439,5.001567196282107,0.23706457894329197,0.6212327706678249,0,0
1,burst_fatigue,C3_NMI_adaptive_PD_demo,2.1181187936648276,2.4018351381139382,4.858229473919108,0.23192397996253725,0.6390076321213679,0,0
2,nominal,C1_no_assistance,1.8559471854655027,2.060419754958668,3.33180057526479,0.2272710249507989,0.5975524541863608,0,0
2,nominal,C2_fixed_PD,1.8559471854655027,2.060419754958668,3.33180057526479,0.22044189317748544,0.5989023425863982,0,0
2,nominal,C3_NMI_adaptive_PD_demo,1.8559471854655027,2.060419754958668,3.33180057526479,0.21535176226802663,0.6142722062013953,0,0
2,noise,C1_no_assistance,1.8905350560075282,2.097721696312125,3.2915112634854133,0.22745738789967074,0.5991220256659227,0,0
2,noise,C2_fixed_PD,1.8905350560075282,2.097721696312125,3.2915112634854133,0.22042910518117018,0.599381622225059,0,0
2,noise,C3_NMI_adaptive_PD_demo,1.8905350560075282,2.097721696312125,3.2915112634854133,0.21495230087011089,0.6158273163878633,0,0
2,burst_fatigue,C1_no_assistance,2.9881860938185048,3.6533122064138683,7.538856630243342,0.26981683569249026,0.5709022329617024,0,0
2,burst_fatigue,C2_fixed_PD,2.299988677640323,2.8240972750415207,6.649509210657881,0.236874514965983,0.6260484124160373,0,0
2,burst_fatigue,C3_NMI_adaptive_PD_demo,2.273526280721739,2.777142704214538,6.45599616314014,0.23051178410304907,0.6451511009432069,0,0
3,nominal,C1_no_assistance,1.8523066887280615,2.0550462090761017,3.3521056689963937,0.22723851606842452,0.5976047192977721,0,0
3,nominal,C2_fixed_PD,1.8523066887280615,2.0550462090761017,3.3521056689963937,0.2204441221829393,0.5989349857772093,0,0
3,nominal,C3_NMI_adaptive_PD_demo,1.8523066887280615,2.0550462090761017,3.3521056689963937,0.21535740881370327,0.6142597542350449,0,0
3,noise,C1_no_assistance,1.8724495429661738,2.0711441939726436,3.3927406638847994,0.22729371940118528,0.599363617702836,0,0
3,noise,C2_fixed_PD,1.8724495429661738,2.0711441939726436,3.3927406638847994,0.22043981145423977,0.5995361778474836,0,0
3,noise,C3_NMI_adaptive_PD_demo,1.8724495429661738,2.0711441939726436,3.3927406638847994,0.21499170341305635,0.6156954367923526,0,0
3,burst_fatigue,C1_no_assistance,2.347182508233245,2.8447802246087988,6.468987227934573,0.25952782563413473,0.5963323679294921,0,0
3,burst_fatigue,C2_fixed_PD,1.852809286732827,2.1716394829839625,3.771544454860723,0.23711129319784888,0.6163075050376787,0,0
3,burst_fatigue,C3_NMI_adaptive_PD_demo,1.794942401412934,2.084966517361152,3.5175460945526313,0.23330164809706055,0.6314684200884298,0,0
4,nominal,C1_no_assistance,1.8535934756413648,2.059033418824596,3.3581693801783996,0.22724945029587204,0.5975561998412104,0,0
4,nominal,C2_fixed_PD,1.8535934756413648,2.059033418824596,3.3581693801783996,0.2204695749867145,0.598827876347866,0,0
4,nominal,C3_NMI_adaptive_PD_demo,1.8535934756413648,2.059033418824596,3.3581693801783996,0.2154000214733734,0.6141335607082816,0,0
4,noise,C1_no_assistance,1.879579318379586,2.0917490824751472,3.4230592197947503,0.2273459397420808,0.5990714416059422,0,0
4,noise,C2_fixed_PD,1.879579318379586,2.0917490824751472,3.4230592197947503,0.2205666757106683,0.5989953397221409,0,0
4,noise,C3_NMI_adaptive_PD_demo,1.879579318379586,2.0917490824751472,3.4230592197947503,0.21520480214234794,0.6150779275436896,0,0
4,burst_fatigue,C1_no_assistance,2.78824534078265,3.279222814131855,6.194159111427576,0.2643858404325683,0.5869397730350966,0,0
4,burst_fatigue,C2_fixed_PD,2.1437302430943372,2.4265403560175014,4.718194229335271,0.23705704622286153,0.6202818817184312,0,0
4,burst_fatigue,C3_NMI_adaptive_PD_demo,2.0811837258857757,2.351944049306244,4.571442075451419,0.2322034058576268,0.6375990317696404,0,0
5,nominal,C1_no_assistance,1.8439722571674457,2.0491419732434535,3.3354132621226666,0.2272580671881249,0.597573330196878,0,0
5,nominal,C2_fixed_PD,1.8439722571674457,2.0491419732434535,3.3354132621226666,0.22043703285397073,0.5989477504241559,0,0
5,nominal,C3_NMI_adaptive_PD_demo,1.8439722571674457,2.0491419732434535,3.3354132621226666,0.21536019045856594,0.6142812314242332,0,0
5,noise,C1_no_assistance,1.8306349239679787,2.0414989211168297,3.3092786295162013,0.22739481159782152,0.5992610681882651,0,0
5,noise,C2_fixed_PD,1.8306349239679787,2.0414989211168297,3.3092786295162013,0.22040407697048076,0.5995962457413125,0,0
5,noise,C3_NMI_adaptive_PD_demo,1.8306349239679787,2.0414989211168297,3.3092786295162013,0.21499107733270936,0.615808530036724,0,0
5,burst_fatigue,C1_no_assistance,2.8940115147269894,3.401784496174336,6.327765429124737,0.26605365574176076,0.5829256120067313,0,0
5,burst_fatigue,C2_fixed_PD,2.213189283019805,2.512677881848066,5.191047033188198,0.2370212154476792,0.6218663932704785,0,0
5,burst_fatigue,C3_NMI_adaptive_PD_demo,2.151541156664468,2.444330704573017,5.0475528021577345,0.23173551747688248,0.6398917221455673,0,0
6,nominal,C1_no_assistance,1.8456572564924623,2.047565009344947,3.3434528782727786,0.2272216432051158,0.5976192560440121,0,0
6,nominal,C2_fixed_PD,1.8456572564924623,2.047565009344947,3.3434528782727786,0.22045921001053145,0.5988708152203457,0,0
6,nominal,C3_NMI_adaptive_PD_demo,1.8456572564924623,2.047565009344947,3.3434528782727786,0.2153744711493944,0.6142001445017016,0,0
6,noise,C1_no_assistance,1.8391447869531583,2.0336959727539234,3.3494767102668126,0.22720495425685958,0.5993487194214084,0,0
6,noise,C2_fixed_PD,1.8391447869531583,2.0336959727539234,3.3494767102668126,0.2205143259520951,0.5991979099246497,0,0
6,noise,C3_NMI_adaptive_PD_demo,1.8391447869531583,2.0336959727539234,3.3494767102668126,0.2150835471468569,0.6153654462741288,0,0
6,burst_fatigue,C1_no_assistance,3.000803853402365,3.657533204762606,7.613871102772219,0.2702099550162707,0.5698810718070227,0,0
6,burst_fatigue,C2_fixed_PD,2.301845505370924,2.8087506214506877,6.64163569976635,0.23690774648049157,0.6259386745611869,0,0
6,burst_fatigue,C3_NMI_adaptive_PD_demo,2.2704962683528347,2.760955537374529,6.450985175730094,0.2305203917910127,0.6450500546620488,0,0
7,nominal,C1_no_assistance,1.848249635491186,2.0543474679243654,3.348855132121269,0.22720231757517861,0.5976613702809394,0,0
7,nominal,C2_fixed_PD,1.848249635491186,2.0543474679243654,3.348855132121269,0.22047772036125735,0.5988268346895959,0,0
7,nominal,C3_NMI_adaptive_PD_demo,1.848249635491186,2.0543474679243654,3.348855132121269,0.21538901766926144,0.6141316399118331,0,0
7,noise,C1_no_assistance,1.8523789232189347,2.068275526787653,3.3769968805915727,0.2271154004405117,0.5996841574506476,0,0
7,noise,C2_fixed_PD,1.8523789232189347,2.068275526787653,3.3769968805915727,0.2206073299079624,0.5989886524726032,0,0
7,noise,C3_NMI_adaptive_PD_demo,1.8523789232189347,2.068275526787653,3.3769968805915727,0.21513065185492775,0.615039932079,0,0
7,burst_fatigue,C1_no_assistance,1.9222529454497899,2.3499156830322288,6.318515250617666,0.25498381662851805,0.6018721150025287,0,0
7,burst_fatigue,C2_fixed_PD,1.6232010550527423,1.9326190835150303,3.887346256126196,0.23740710854675995,0.6123875808113997,0,0
7,burst_fatigue,C3_NMI_adaptive_PD_demo,1.5653764741631997,1.8544106601705905,3.589519166920808,0.23440315473662288,0.6255719541985776,0,0
8,nominal,C1_no_assistance,1.8521423779033557,2.0588938554386296,3.3504433875703366,0.2272932476028813,0.5975021822394738,0,0
8,nominal,C2_fixed_PD,1.8521423779033557,2.0588938554386296,3.3504433875703366,0.22043458805315638,0.5989208260017582,0,0
8,nominal,C3_NMI_adaptive_PD_demo,1.8521423779033557,2.0588938554386296,3.3504433875703366,0.21534993585005197,0.6142769822966616,0,0
8,noise,C1_no_assistance,1.8717052141456454,2.090411825163812,3.3846050824686875,0.22756171771373856,0.5987377261410426,0,0
8,noise,C2_fixed_PD,1.8717052141456454,2.090411825163812,3.3846050824686875,0.2203918782628663,0.5994589145276287,0,0
8,noise,C3_NMI_adaptive_PD_demo,1.8717052141456454,2.090411825163812,3.3846050824686875,0.21497568963964978,0.6157282283542587,0,0
8,burst_fatigue,C1_no_assistance,2.319312375366552,2.823489473643748,6.500684926343813,0.25929235974618586,0.5966949183625752,0,0
8,burst_fatigue,C2_fixed_PD,1.8396953130316311,2.1659889902857405,3.834780176555801,0.23710985157931672,0.6160658587839648,0,0
8,burst_fatigue,C3_NMI_adaptive_PD_demo,1.7798447937639321,2.078233008100772,3.5763680578263033,0.23336440567407887,0.631131933670598,0,0
9,nominal,C1_no_assistance,1.8427274012124684,2.0466800532741147,3.3240257912657563,0.22723780768672835,0.5976180091734071,0,0
9,nominal,C2_fixed_PD,1.8427274012124693,2.046680053274115,3.3240257912657563,0.22044023614678931,0.5989560004555303,0,0
9,nominal,C3_NMI_adaptive_PD_demo,1.8427274012124684,2.0466800532741147,3.3240257912657563,0.21535138085750674,0.6143199343014671,0,0
9,noise,C1_no_assistance,1.8262582737640245,2.029702911777771,3.252901877630195,0.2272904460172615,0.5994252688723337,0,0
9,noise,C2_fixed_PD,1.8262582737640245,2.029702911777771,3.252901877630195,0.22041961397536972,0.5996277809664261,0,0
9,noise,C3_NMI_adaptive_PD_demo,1.8262582737640245,2.029702911777771,3.252901877630195,0.2149543537666906,0.6159815401390284,0,0
9,burst_fatigue,C1_no_assistance,2.0295433102319502,2.504339846351265,6.456447263385406,0.25642010027981826,0.6004961784625732,0,0
9,burst_fatigue,C2_fixed_PD,1.6785334153380893,2.00021229676209,3.8626862657650554,0.2372686110672335,0.61363096376214,0,0
9,burst_fatigue,C3_NMI_adaptive_PD_demo,1.618226773620006,1.915973579919128,3.574702868170884,0.2340436549902262,0.6274633543296293,0,0
10,nominal,C1_no_assistance,1.8418663899310743,2.045277517287929,3.3377662540854343,0.22720527091577647,0.5976219724544499,0,0
10,nominal,C2_fixed_PD,1.8418663899310743,2.045277517287929,3.3377662540854343,0.22047796350514595,0.5987684196016737,0,0
10,nominal,C3_NMI_adaptive_PD_demo,1.8418663899310743,2.045277517287929,3.3377662540854343,0.21540478236496452,0.6141037565680025,0,0
10,noise,C1_no_assistance,1.8204856522555282,2.0225552630025327,3.321043589330014,0.22712900657482707,0.5994706794807861,0,0
10,noise,C2_fixed_PD,1.8204856522555284,2.022555263002533,3.321043589330014,0.22060827529301008,0.5986901779209682,0,0
10,noise,C3_NMI_adaptive_PD_demo,1.8204856522555284,2.022555263002533,3.321043589330014,0.21521194535403493,0.6149155519172702,0,0
10,burst_fatigue,C1_no_assistance,2.918288285030517,3.5236100147375256,6.847096722572317,0.26722071485846366,0.5775781582595418,0,0
10,burst_fatigue,C2_fixed_PD,2.2690947689162675,2.754918297159356,6.240592140074687,0.23694503733146952,0.6254416321612942,0,0
10,burst_fatigue,C3_NMI_adaptive_PD_demo,2.244535132705876,2.7074042246416012,6.049896945258728,0.23096097096367021,0.6442237656233766,0,0
11,nominal,C1_no_assistance,1.848423732058437,2.0547185359404634,3.3461675477917208,0.2272356105191408,0.5975850506421442,0,0
11,nominal,C2_fixed_PD,1.848423732058437,2.0547185359404634,3.3461675477917208,0.22046601984389036,0.5988109824760035,0,0
11,nominal,C3_NMI_adaptive_PD_demo,1.848423732058437,2.0547185359404634,3.3461675477917208,0.2153865970767318,0.6141325079541949,0,0
11,noise,C1_no_assistance,1.8533701347308693,2.069480870589621,3.3630500578612423,0.22728046615996433,0.5992633268835142,0,0
11,noise,C2_fixed_PD,1.8533701347308693,2.069480870589621,3.3630500578612423,0.22054659248727082,0.5988651694073569,0,0
11,noise,C3_NMI_adaptive_PD_demo,1.8533701347308693,2.069480870589621,3.3630500578612423,0.21512410795032738,0.6149535081427691,0,0
11,burst_fatigue,C1_no_assistance,2.033414808177533,2.5074897617167458,6.473921352091283,0.2563788596574284,0.6004637406695613,0,0
11,burst_fatigue,C2_fixed_PD,1.6855509526660057,2.0100387294002573,3.8912594073918267,0.23729459806187578,0.6135185650579612,0,0
11,burst_fatigue,C3_NMI_adaptive_PD_demo,1.6250539249028406,1.925759865670508,3.60192078761166,0.23406534510717733,0.6273094814411518,0,0
12,nominal,C1_no_assistance,1.8469531173261708,2.050745341898227,3.347159686358162,0.22722402293822522,0.5975970806050579,0,0
12,nominal,C2_fixed_PD,1.8469531173261708,2.050745341898227,3.347159686358162,0.2204606217233241,0.5988478939809538,0,0
12,nominal,C3_NMI_adaptive_PD_demo,1.8469531173261708,2.050745341898227,3.347159686358162,0.2153917250939281,0.6141468628171737,0,0
12,noise,C1_no_assistance,1.845905286151961,2.049693017276872,3.3694684419481002,0.22722636574860097,0.5994227602287066,0,0
12,noise,C2_fixed_PD,1.845905286151961,2.049693017276872,3.3694684419481002,0.22052320963751426,0.5991203320625044,0,0
12,noise,C3_NMI_adaptive_PD_demo,1.845905286151961,2.049693017276872,3.3694684419481002,0.21513252429854432,0.6152027898058795,0,0
12,burst_fatigue,C1_no_assistance,3.036288937713337,3.6083492858147292,7.3553144887389825,0.2692469516296111,0.5739747019794147,0,0
12,burst_fatigue,C2_fixed_PD,2.3205966576991854,2.704792706638611,6.167191545122554,0.2369937817101846,0.6244555401842566,0,0
12,burst_fatigue,C3_NMI_adaptive_PD_demo,2.266163362534675,2.648201578268127,6.001653906251633,0.2309954975574995,0.6432889955912774,0,0
13,nominal,C1_no_assistance,1.8485058576380156,2.0529924769156,3.3570418184490056,0.2272515437574417,0.5975462128161664,0,0
13,nominal,C2_fixed_PD,1.8485058576380156,2.0529924769156,3.3570418184490056,0.2204452174052182,0.5988781961476535,0,0
13,nominal,C3_NMI_adaptive_PD_demo,1.8485058576380156,2.0529924769156,3.3570418184490056,0.21537814224990526,0.6141742199451992,0,0
13,noise,C1_no_assistance,1.854216814951402,2.061206138692542,3.4174214111479593,0.22735298123678807,0.5989430723018881,0,0
13,noise,C2_fixed_PD,1.854216814951402,2.061206138692542,3.4174214111479593,0.22044289072136172,0.5992056096675537,0,0
13,noise,C3_NMI_adaptive_PD_demo,1.854216814951402,2.061206138692542,3.4174214111479593,0.21510402572076995,0.6151608347158416,0,0
13,burst_fatigue,C1_no_assistance,2.9863449601062317,3.51580595429423,6.87128583200879,0.26779717645508244,0.5782357694843117,0,0
13,burst_fatigue,C2_fixed_PD,2.28148216385259,2.610782161443268,5.680897578305131,0.23700670995968107,0.6232160338080077,0,0
13,burst_fatigue,C3_NMI_adaptive_PD_demo,2.2222300387588847,2.548701494893582,5.53013580833098,0.23138819878800942,0.6416304175638898,0,0
14,nominal,C1_no_assistance,1.8431727747645226,2.046124713240582,3.346971262421501,0.2272414904679865,0.5975671989070586,0,0
14,nominal,C2_fixed_PD,1.8431727747645226,2.046124713240582,3.346971262421501,0.22044995468436304,0.5988361060799672,0,0
14,nominal,C3_NMI_adaptive_PD_demo,1.8431727747645226,2.046124713240582,3.346971262421501,0.21538000408485353,0.6141390943870928,0,0
14,noise,C1_no_assistance,1.8273685357862768,2.0265591502057614,3.367942758603523,0.22731762644879644,0.5993317421596214,0,0
14,noise,C2_fixed_PD,1.8273685357862768,2.0265591502057614,3.367942758603523,0.22046888058752728,0.5990437962371339,0,0
14,noise,C3_NMI_adaptive_PD_demo,1.8273685357862768,2.0265591502057614,3.367942758603523,0.21506302864409535,0.6151560950760885,0,0
14,burst_fatigue,C1_no_assistance,2.4102063289908555,2.9049840220897387,6.441788879490927,0.26025422769385065,0.5949729525642734,0,0
14,burst_fatigue,C2_fixed_PD,1.8906868079318861,2.1998218886085392,3.727484905156503,0.237097733291116,0.6167374727881229,0,0
14,burst_fatigue,C3_NMI_adaptive_PD_demo,1.8318168610886076,2.11415519479427,3.4923680989700565,0.23314781595076592,0.6322541967624352,0,0
15,nominal,C1_no_assistance,1.8507409289492234,2.054588863410985,3.3636473278347965,0.22723040085409352,0.5975990572667311,0,0
15,nominal,C2_fixed_PD,1.8507409289492234,2.054588863410985,3.3636473278347965,0.22047517560608873,0.5988090339099824,0,0
15,nominal,C3_NMI_adaptive_PD_demo,1.8507409289492234,2.054588863410985,3.3636473278347965,0.21540018359678503,0.6141092859185613,0,0
15,noise,C1_no_assistance,1.8652558565769761,2.0693662210427406,3.4504489580767994,0.22726909024993255,0.599640268057242,0,0
15,noise,C2_fixed_PD,1.8652558565769761,2.0693662210427406,3.4504489580767994,0.22059748045319694,0.5989594776292265,0,0
15,noise,C3_NMI_adaptive_PD_demo,1.8652558565769761,2.0693662210427406,3.4504489580767994,0.21512351966078153,0.6151780302733989,0,0
15,burst_fatigue,C1_no_assistance,3.044229394939395,3.647668261577051,7.542160949279552,0.2699843972456824,0.57152031288815,0,0
15,burst_fatigue,C2_fixed_PD,2.327997274142072,2.7558843845774947,6.395779543165114,0.23696439649429898,0.6251248028070154,0,0
15,burst_fatigue,C3_NMI_adaptive_PD_demo,2.280860299247958,2.703719206951492,6.225012486628279,0.23081237482679134,0.6440631076624177,0,0
16,nominal,C1_no_assistance,1.8491253170176538,2.052167856187529,3.3435469048282247,0.2272222155130153,0.5976246001879096,0,0
16,nominal,C2_fixed_PD,1.8491253170176538,2.052167856187529,3.3435469048282247,0.22046050281430715,0.5988695734795372,0,0
16,nominal,C3_NMI_adaptive_PD_demo,1.8491253170176538,2.052167856187529,3.3435469048282247,0.21537868873078495,0.6141963173624225,0,0
16,noise,C1_no_assistance,1.8569057697624824,2.0566740773152916,3.351990913762713,0.2272191975464703,0.5995796299570637,0,0
16,noise,C2_fixed_PD,1.8569057697624824,2.0566740773152916,3.351990913762713,0.22052143186692888,0.5992043635270217,0,0
16,noise,C3_NMI_adaptive_PD_demo,1.8569057697624824,2.0566740773152916,3.351990913762713,0.21506289199390147,0.6154096782646448,0,0
16,burst_fatigue,C1_no_assistance,2.9912580226782035,3.654726817219595,7.5785927722386175,0.2700688852253834,0.5702761602272927,0,0
16,burst_fatigue,C2_fixed_PD,2.296732099334729,2.8151931516998885,6.649377240463787,0.2369022242595407,0.6259809508459413,0,0
16,burst_fatigue,C3_NMI_adaptive_PD_demo,2.2679585275054404,2.7673207204041845,6.456522681867153,0.23058768189710563,0.6449726219447567,0,0
17,nominal,C1_no_assistance,1.8426645084114757,2.0475388004234487,3.324595636697785,0.22724090636097402,0.5975546254083526,0,0
17,nominal,C2_fixed_PD,1.8426645084114757,2.0475388004234487,3.324595636697785,0.22048562264612484,0.5987115616685003,0,0
17,nominal,C3_NMI_adaptive_PD_demo,1.8426645084114757,2.0475388004234487,3.324595636697785,0.21541797006750907,0.6140339629671095,0,0
17,noise,C1_no_assistance,1.8261045022005589,2.0344350021605466,3.2551905023918954,0.22730489047492988,0.5990911247082344,0,0
17,noise,C2_fixed_PD,1.8261045022005589,2.0344350021605466,3.2551905023918954,0.22064628292700875,0.598401357325513,0,0
17,noise,C3_NMI_adaptive_PD_demo,1.8261045022005589,2.0344350021605466,3.2551905023918954,0.21528704092520073,0.6145298928957886,0,0
17,burst_fatigue,C1_no_assistance,2.176971076019183,2.680861373753506,6.5243309497520094,0.2580346701394965,0.59837065464769,0,0
17,burst_fatigue,C2_fixed_PD,1.7591209606515474,2.089264189287638,3.8498122271969155,0.23721173468837542,0.6147686923455921,0,0
17,burst_fatigue,C3_NMI_adaptive_PD_demo,1.6986330539238148,2.0023017941107075,3.58325505320988,0.23369565932968533,0.6292856744778991,0,0
18,nominal,C1_no_assistance,1.8476537434346418,2.051649446489444,3.3249683665319534,0.2272490463666036,0.597568701861085,0,0
18,nominal,C2_fixed_PD,1.8476537434346418,2.051649446489444,3.3249683665319534,0.2204655819054068,0.5988363676045885,0,0
18,nominal,C3_NMI_adaptive_PD_demo,1.8476537434346418,2.051649446489444,3.3249683665319534,0.21538376184913724,0.6141650084506209,0,0
18,noise,C1_no_assistance,1.8494556651247,2.054940249276223,3.257054151562711,0.227337189489998,0.5990097354192783,0,0
18,noise,C2_fixed_PD,1.8494556651247,2.054940249276223,3.257054151562711,0.2205456936607743,0.5990154856786211,0,0
18,noise,C3_NMI_adaptive_PD_demo,1.8494556651247,2.054940249276223,3.257054151562711,0.215162167303653,0.6151232535853718,0,0
18,burst_fatigue,C1_no_assistance,2.959414298397328,3.4790545055599753,6.7035853003794905,0.26723501885422396,0.5798195455740088,0,0
18,burst_fatigue,C2_fixed_PD,2.260874351789469,2.5764704207212885,5.521202609482926,0.23702794976793742,0.6227295323704053,0,0
18,burst_fatigue,C3_NMI_adaptive_PD_demo,2.200829216703419,2.5129993744740826,5.374975806159253,0.23148073095618898,0.6410811639942885,0,0
19,nominal,C1_no_assistance,1.8479962896027098,2.052099124998674,3.3389330520368015,0.2272242955648531,0.597623278253504,0,0
19,nominal,C2_fixed_PD,1.8479962896027098,2.052099124998674,3.3389330520368015,0.22046679246663356,0.5988451423822839,0,0
19,nominal,C3_NMI_adaptive_PD_demo,1.8479962896027098,2.052099124998674,3.3389330520368015,0.2153644150638815,0.6142020790307915,0,0
19,noise,C1_no_assistance,1.8513026396827832,2.056464191180091,3.327797611797886,0.22720725855896767,0.5991563436580379,0,0
19,noise,C2_fixed_PD,1.8513026396827832,2.056464191180091,3.327797611797886,0.22055046005760814,0.5990314689929644,0,0
19,noise,C3_NMI_adaptive_PD_demo,1.8513026396827832,2.056464191180091,3.327797611797886,0.21508348521254894,0.6152360297544612,0,0
19,burst_fatigue,C1_no_assistance,2.501109059112512,2.99412829481711,6.413036625233856,0.26106412360472886,0.5935659157045448,0,0
19,burst_fatigue,C2_fixed_PD,1.9505570341567642,2.249075011999661,3.8370382449675255,0.23709089455922253,0.6175061724088969,0,0
19,burst_fatigue,C3_NMI_adaptive_PD_demo,1.8901833476817174,2.164856667974378,3.674728767011645,0.23294209709517574,0.6334494943631807,0,0
