,,mae_deg,mae_deg,rmse_deg,rmse_deg,max_abs_error_deg,max_abs_error_deg,activation_effort_proxy,activation_effort_proxy,cci_proxy,cci_proxy,preclip_joint_limit_violations,preclip_joint_limit_violations,torque_saturations,torque_saturations
,,mean,std,mean,std,mean,std,mean,std,mean,std,mean,std,mean,std
condition,controller,,,,,,,,,,,,,,
burst_fatigue,C1_no_assistance,2.656475297110527,0.3931075020485094,3.196837736557417,0.4483361024459448,6.766342728029874,0.49997546563815704,0.2640632725331331,0.005263416370019728,0.5852719382843957,0.0115709677057249,0.0,0.0,0.0,0.0
burst_fatigue,C2_fixed_PD,2.07262293589809,0.25472091465925745,2.44285237723204,0.3129144642650192,5.0939725847588555,1.1795133062989744,0.23706302155992082,0.00014299758041125645,0.6204476260032507,0.004859726401712277,0.0,0.0,0.0,0.0
burst_fatigue,C3_NMI_adaptive_PD_demo,2.021717194940984,0.2629728634319271,2.374720774386251,0.32810030999975925,4.890020197916907,1.2126187012045144,0.232143903751318,0.001348549559867326,0.6374238548445448,0.006944558558220051,0.0,0.0,0.0,0.0
noise,C1_no_assistance,1.8475241880890132,0.023396086561871834,2.0529984266593644,0.026137431220777198,3.342006166531747,0.05973968861133818,0.22728582420900506,0.00011414566153429177,0.599309904586849,0.0002674983541106713,0.0,0.0,0.0,0.0
noise,C2_fixed_PD,1.8475241880890132,0.02339608656187182,2.0529984266593644,0.02613743122077717,3.342006166531747,0.05973968861133818,0.22051416502792054,7.902454570385008e-05,0.5991252304225366,0.0003068686543488996,0.0,0.0,0.0,0.0
noise,C3_NMI_adaptive_PD_demo,1.8475241880890132,0.02339608656187182,2.0529984266593644,0.02613743122077717,3.342006166531747,0.05973968861133818,0.21508729584840197,9.392169527042481e-05,0.6153005823337463,0.00036340770114486997,0.0,0.0,0.0,0.0
nominal,C1_no_assistance,1.847235210445519,0.004715330607947062,2.0513754171220007,0.005228488146967525,3.3418891271301896,0.011943355851705213,0.22723673343475076,2.3119692972559096e-05,0.5975915498012381,4.026828326289949e-05,0.0,0.0,0.0,0.0
nominal,C2_fixed_PD,1.847235210445519,0.00471533060794701,2.0513754171220007,0.0052284881469675006,3.3418891271301896,0.011943355851705213,0.22045907337311524,1.578520645699325e-05,0.5988540717853167,6.126410452799017e-05,0.0,0.0,0.0,0.0
nominal,C3_NMI_adaptive_PD_demo,1.847235210445519,0.004715330607947062,2.0513754171220007,0.005228488146967525,3.3418891271301896,0.011943355851705213,0.2153787447878333,1.9603012131994765e-05,0.6141805691370257,7.308035818785988e-05,0.0,0.0,0.0,0.0
