subject_id,split,provenance,diagnosis
DEMO_001,train,synthetic_demo,not_applicable
DEMO_002,train,synthetic_demo,not_applicable
DEMO_003,train,synthetic_demo,not_applicable
DEMO_004,train,synthetic_demo,not_applicable
DEMO_005,train,synthetic_demo,not_applicable
DEMO_006,train,synthetic_demo,not_applicable
DEMO_007,train,synthetic_demo,not_applicable
DEMO_008,train,synthetic_demo,not_applicable
DEMO_009,train,synthetic_demo,not_applicable
DEMO_010,train,synthetic_demo,not_applicable
DEMO_011,train,synthetic_demo,not_applicable
DEMO_012,train,synthetic_demo,not_applicable
DEMO_013,train,synthetic_demo,not_applicable
DEMO_014,train,synthetic_demo,not_applicable
DEMO_015,train,synthetic_demo,not_applicable
DEMO_016,train,synthetic_demo,not_applicable
DEMO_017,train,synthetic_demo,not_applicable
DEMO_018,train,synthetic_demo,not_applicable
DEMO_019,train,synthetic_demo,not_applicable
DEMO_020,validation,synthetic_demo,not_applicable
DEMO_021,validation,synthetic_demo,not_applicable
DEMO_022,validation,synthetic_demo,not_applicable
DEMO_023,validation,synthetic_demo,not_applicable
DEMO_024,test,synthetic_demo,not_applicable
DEMO_025,test,synthetic_demo,not_applicable
DEMO_026,test,synthetic_demo,not_applicable
DEMO_027,test,synthetic_demo,not_applicable
