provenance,known_load_kg,f1,f2,estimated_load_kg,absolute_error_kg
synthetic_demo,0.35786962735087235,0.13611755280289065,0.2823879535800061,0.39870628317025714,0.04083665581938478
synthetic_demo,1.279826331430309,0.638010761199567,0.78546013380733,1.567863312290401,0.288036980860092
synthetic_demo,0.9345368022869702,0.583769402686221,0.38207362839473896,0.9285182968959105,0.0060185053910597475
synthetic_demo,0.7410010542160961,0.29330160075158246,0.4176094236690859,0.5244912999231549,0.21650975429294117
synthetic_demo,0.7098346686193024,0.40845314787548476,0.4081910492445475,0.7631524877214119,0.05331781910210942
synthetic_demo,1.58103649170653,0.8567289739618613,0.8238533597366182,1.6137086092715234,0.03267211756499333
synthetic_demo,1.8102876733543478,0.9373953734009822,1.0,1.6137086092715234,0.19657906408282444
synthetic_demo,0.3547063836460973,0.25564876296501715,0.35500445882353376,0.4471176899533991,0.09241130630730182
synthetic_demo,1.305569605370264,0.6206994431856934,0.7213404666562165,1.4757761037707127,0.17020649840044877
synthetic_demo,0.5966055347111385,0.25059708802399017,0.3440230013767092,0.42612079659901353,0.170484738112125
synthetic_demo,1.933924400324781,1.0,0.888394333728884,1.6137086092715234,0.3202157910532577
synthetic_demo,1.8397003210745564,0.9702711620673279,0.841425047143318,1.6137086092715234,0.225991711803033
synthetic_demo,1.2717416082893027,0.733197274095333,0.6848864172927248,1.544908061134648,0.27316645284534524
synthetic_demo,1.5054641941581732,0.7675923675258914,0.7474378088688074,1.6127584853736712,0.10729429121549794
synthetic_demo,1.0303073926447035,0.6288031146922963,0.4220144489215841,1.1071454565938093,0.07683806394910575
synthetic_demo,1.65179051675114,0.8061496401556528,0.8172135628621322,1.6137086092715234,0.038081907479616595
synthetic_demo,0.8967610908002064,0.3741575044685063,0.4735810923899823,0.684948822752442,0.21181226804776443
synthetic_demo,0.6776249066275237,0.1962162094876124,0.4043273372553883,0.4249917665035432,0.2526331401239805
synthetic_demo,0.5557984310003181,0.20080112519427012,0.27036165663033973,0.3940093511485938,0.1617890798517243
synthetic_demo,0.45266611368680687,0.2836283022695261,0.2074878503784667,0.39919813264307774,0.05346798104372913
synthetic_demo,1.0516336866904967,0.42327183518301703,0.5262513906131261,0.8749061248297199,0.17672756186077687
synthetic_demo,0.8618241213688629,0.3992465630308219,0.44302089850190884,0.7424501698354066,0.11937395153345631
synthetic_demo,1.3263612409451908,0.8106414975215199,0.581761295091339,1.5809966184092812,0.2546353774640904
synthetic_demo,0.025680964733613143,0.07211619834055229,0.0711720712731003,0.38629139072847674,0.3606104259948636
synthetic_demo,0.8954038030774416,0.5730708205390957,0.6010247406064894,1.2581785376466446,0.36277473456920295
synthetic_demo,0.7303616022647827,0.2957714480099954,0.422174829093033,0.5256295662674573,0.20473203599732548
synthetic_demo,0.39079519974310806,0.023199351851410976,0.09402376525665428,0.38629139072847674,0.0045038090146313214
synthetic_demo,1.1897317420121056,0.7010125366031615,0.6014814670879668,1.4475998980309586,0.25786815601885293
synthetic_demo,0.8706263119012891,0.33612717832983213,0.311719184506628,0.5612396944152646,0.3093866174860246
synthetic_demo,0.5999830074902996,0.3063561514949174,0.17194667317156723,0.4083691944176861,0.19161381307261355
synthetic_demo,0.4188322424724391,0.22461264745192774,0.25556371261634514,0.3883678528112091,0.030464389661229996
synthetic_demo,1.749248114384359,0.8082013083266777,0.8800594930376683,1.6137086092715234,0.13553950511283563
synthetic_demo,1.5949246310428653,0.9061466300890594,0.749364602064298,1.613474216781872,0.01854958573900678
synthetic_demo,1.213419353369958,0.7151633037341023,0.4605883810239972,1.3992026872716332,0.18578333390167523
synthetic_demo,0.6902011573345843,0.38370167086270424,0.25627533616844456,0.4552683328333654,0.23493282450121894
synthetic_demo,1.8936395819592968,0.9447554447911898,0.9581735176662546,1.6137086092715234,0.27993097268777345
synthetic_demo,1.126754749005091,0.5767779528080231,0.5656099356702778,1.2015843267348445,0.0748295777297534
synthetic_demo,0.8655254792399041,0.3560491787748562,0.4810417460319755,0.6435712675520309,0.22195421168787322
synthetic_demo,1.8008991980084441,0.8837151359678179,1.0,1.6137086092715234,0.18719058873692074
synthetic_demo,0.6386836078037248,0.3119964836440378,0.2955938473410717,0.5132687540173706,0.1254148537863542
synthetic_demo,1.3919897402675667,0.6363385705562142,0.7288225710568693,1.5018118562206362,0.10982211595306945
synthetic_demo,0.6276406545247402,0.3732653680039259,0.3041744359416225,0.5856440770200109,0.04199657750472929
synthetic_demo,0.5231060926236,0.161699348688426,0.22679527184439707,0.38629139072847674,0.13681470189512324
synthetic_demo,1.4016817790017109,0.6691015611596434,0.6837055373026815,1.436041939733899,0.03436016073218817
synthetic_demo,0.45578395781471537,0.07019053188832122,0.2951447036717499,0.4038076031452051,0.05197635466951028
synthetic_demo,0.9862206459697616,0.5278876182825019,0.4211209950905027,0.8744155694782854,0.1118050764914762
synthetic_demo,1.1600569060411123,0.6320108362107841,0.6599011298195918,1.3614080656351188,0.2013511595940065
synthetic_demo,0.37781272950891687,0.23239683017761403,0.29231646883130835,0.4026623389639814,0.024849609455064536
synthetic_demo,1.4624813167168893,0.9355067209011917,0.733741959423901,1.6075735499968553,0.145092233279966
synthetic_demo,1.0969661292492605,0.6142684383879404,0.5663273420299821,1.2885948153286972,0.19162868607943673
synthetic_demo,1.2430065192518753,0.5555639114001244,0.5226773081370621,1.1503334042159292,0.09267311503594611
synthetic_demo,0.7442886335936598,0.558592131286424,0.5373817353286497,1.1577916138637132,0.4135029802700534
synthetic_demo,0.8403865198412677,0.35577100178453874,0.4887152588555004,0.6429372496392253,0.1974492702020424
synthetic_demo,0.9896593558341125,0.5500413777504947,0.5068889883544209,1.1366017420666066,0.14694238623249412
synthetic_demo,0.9399418248123397,0.5219898461408762,0.47399154464311277,0.9891443879959981,0.049202563183658454
synthetic_demo,1.3512784456992462,0.6140586115360881,0.7072072536486775,1.448253474817384,0.09697502911813793
synthetic_demo,1.1543550089923984,0.6748519085251199,0.531590989036973,1.4277954985581214,0.273440489565723
synthetic_demo,0.8325412859849326,0.4410922033047449,0.43609896649281116,0.8292703306234053,0.003270955361527328
synthetic_demo,0.0036047072136380365,0.04176917495252019,0.0,0.38629139072847674,0.3826866835148387
synthetic_demo,1.5880621215510085,0.7467297510372884,0.828843432271328,1.6124935792465376,0.024431457695529124
synthetic_demo,1.0387684422886712,0.6105685572133193,0.4719092922257911,1.197030361547078,0.15826191925840694
synthetic_demo,0.65308932762254,0.2662790064235775,0.38923094682154064,0.4823228811439212,0.17076644647861883
synthetic_demo,0.9999100448223879,0.37541386904996005,0.49152918176803206,0.6878229624259506,0.31208708239643723
synthetic_demo,0.1868918669892361,0.19320482208216788,0.11225815917780127,0.38629139072847674,0.19939952373924064
synthetic_demo,1.8094081451067057,0.8748330574675794,1.0,1.6137086092715234,0.1956995358351823
synthetic_demo,1.979472335169007,0.9927720736804581,1.0,1.6137086092715234,0.3657637258974835
synthetic_demo,0.11747043503116594,0.193328204271974,0.07748124673862306,0.38629139072847674,0.2688209556973108
synthetic_demo,0.7164624371827628,0.43778561296398566,0.3613384178946419,0.6556674677728933,0.060794969409869504
synthetic_demo,1.460129155638167,0.7743542159342598,0.6573232295557635,1.5763123617480144,0.11618320610984734
synthetic_demo,0.6284762624357654,0.3891320992419535,0.3901336109200566,0.7191941585905324,0.090717896154767
synthetic_demo,1.1340995167288979,0.5161241500304359,0.6792135011234928,1.4380258982948266,0.30392638156592877
synthetic_demo,0.8331419246300598,0.4692871635619111,0.4210758207729169,0.7933425403682512,0.03979938426180851
synthetic_demo,1.5484243152617498,0.8519077556603544,0.8915847645912469,1.6137086092715234,0.06528429400977354
synthetic_demo,1.9169288019280677,1.0,0.9506049570638815,1.6137086092715234,0.3032201926565443
synthetic_demo,1.7767908526333533,0.8741060022947313,0.7642816218194476,1.6137086092715234,0.16308224336182997
synthetic_demo,1.241870930400099,0.3586164951308869,0.5752087849769243,0.860416767354105,0.381454163045994
synthetic_demo,0.3205486253361396,0.19928548845412558,0.08628484958587322,0.38629139072847674,0.06574276539233714
synthetic_demo,1.8941241666233255,0.9551034344134424,0.9278442816572641,1.6137086092715234,0.2804155573518021
synthetic_demo,0.047264857343552125,0.0,0.06752108543140134,0.38629139072847674,0.3390265333849246
synthetic_demo,0.5954189128417229,0.3521763602152058,0.23268130641084314,0.42781868742038115,0.16760022542134173
synthetic_demo,0.5632269862011916,0.30021270169676006,0.27599633536669954,0.46701342391753653,0.09621356228365507
synthetic_demo,1.3436519634454094,0.686102883627526,0.6857806283276833,1.4540165560120961,0.11036459256668674
synthetic_demo,0.9747261321450229,0.383511697825615,0.43605108913394314,0.7063182828118276,0.2684078493331953
synthetic_demo,0.18577709751489446,0.0,0.029236212160995617,0.38629139072847674,0.20051429321358227
synthetic_demo,0.025715775489860704,0.0387954096568138,0.0189606845101327,0.38629139072847674,0.36057561523861603
synthetic_demo,1.2086314935472757,0.609639744667357,0.6653816219666556,1.3790832927014274,0.17045179915415165
synthetic_demo,0.9829666646818522,0.5011951948288892,0.4492573671685185,0.8652771430207942,0.11768952166105806
synthetic_demo,1.2027642426808023,0.6130205262374998,0.5487847069746025,1.2857466334293013,0.082982390748499
synthetic_demo,1.128047727731069,0.5928258130827883,0.5541361300848404,1.2392119827886308,0.11116425505756178
synthetic_demo,1.78091821659936,0.8929837047621095,0.9107555110442601,1.6137086092715234,0.16720960732783663
synthetic_demo,1.8367937157411935,0.9294408180467033,0.8803856780993427,1.6137086092715234,0.22308510646967017
synthetic_demo,0.37651432220473,0.20618516594264666,0.1648668170200749,0.38629139072847674,0.009777068523746713
synthetic_demo,1.8842417389410684,1.0,0.9259320710265752,1.6137086092715234,0.270533129669545
synthetic_demo,1.5754532526455671,0.7516984092347208,0.7117212147155962,1.5989538746523453,0.02350062200677816
synthetic_demo,1.2780525044459328,0.694073987687399,0.6265986545833188,1.4107109674561307,0.1326584630101979
synthetic_demo,1.3192145349818987,0.7041541029727606,0.6204039212922515,1.4349826713214293,0.11576813633953065
synthetic_demo,1.092120459801285,0.5534383703431596,0.6568974713188094,1.3861593209016778,0.2940388611003928
synthetic_demo,1.8345265992856814,0.8840054750468556,0.8810507291813265,1.6137086092715234,0.22081799001415803
synthetic_demo,0.4665264124002775,0.25910300107813,0.26526097634823137,0.4128804528560627,0.053645959544214805
synthetic_demo,1.1986319845391618,0.6597941033866872,0.6258823111582552,1.3533227159738943,0.15469073143473255
synthetic_demo,1.628486123743301,0.738994633264835,0.7359808134212077,1.583500583329223,0.044985540414077985
synthetic_demo,0.2695229032422599,0.13911164575445442,0.04733497351094405,0.38629139072847674,0.11676848748621682
synthetic_demo,1.231016548717734,0.620040361001581,0.5843242802434033,1.3017868204700882,0.07077027175235417
synthetic_demo,0.8056669510591479,0.35654935974126556,0.449213663728135,0.6447123782450234,0.1609545728141245
synthetic_demo,1.5320726829325657,0.7226861917026405,0.725909589615903,1.5496731097688192,0.017600426836253513
synthetic_demo,0.13542872124108118,0.0,0.021783551883637425,0.38629139072847674,0.25086266948739555
synthetic_demo,1.2136287620684068,0.5295954612784313,0.40379892925222666,0.8394359722809274,0.3741927897874794
synthetic_demo,1.7141573799732936,0.7494553287033981,0.8292999675324002,1.6135077343372162,0.10064964563607748
synthetic_demo,1.2566957247261812,0.5851878091014032,0.6502213842074938,1.3707920068775565,0.11409628215137535
synthetic_demo,0.6426753909070415,0.2821386540982425,0.3524658012718355,0.5169574276941862,0.12571796321285533
synthetic_demo,1.3115921118437783,0.617906089727629,0.6858395143137752,1.4017607814343511,0.09016866959057279
synthetic_demo,0.6763056854720215,0.3641818546748354,0.31520372887438086,0.5957823921189885,0.08052329335303299
synthetic_demo,1.3371855768201801,0.6554631218881569,0.6526917403660752,1.3798658680778737,0.04268029125769357
synthetic_demo,0.256688802884107,0.0773205098926994,0.18660373922702891,0.38629139072847674,0.12960258784436973
synthetic_demo,0.5599834883917854,0.22945993054888517,0.270491982280427,0.3940592944517582,0.16592419394002716
synthetic_demo,0.06543675639383073,0.0,0.0,0.38629139072847674,0.320854634334646
synthetic_demo,0.1678187779253817,0.07017762209853534,0.1553100666271714,0.38629139072847674,0.21847261280309505
synthetic_demo,1.109539239633013,0.5397857923686017,0.47933198751526124,1.050564832617299,0.0589744070157141
synthetic_demo,0.46339644278461445,0.34530529033516955,0.3279684427430861,0.5956408993804396,0.13224445659582518
synthetic_demo,1.0321651752754637,0.6234732021327722,0.6346728754340636,1.3245180569305421,0.29235288165507844
