subject_id,trial_id,truth,prediction
DEMO_024,T01,flexion,flexion
DEMO_024,T01,flexion,hold
DEMO_024,T01,flexion,extension
DEMO_024,T01,flexion,extension
DEMO_024,T01,flexion,extension
DEMO_024,T01,flexion,flexion
DEMO_024,T01,flexion,extension
DEMO_024,T01,flexion,flexion
DEMO_024,T01,flexion,flexion
DEMO_024,T01,flexion,flexion
DEMO_024,T01,flexion,extension
DEMO_024,T01,flexion,hold
DEMO_024,T01,flexion,flexion
DEMO_024,T01,hold,extension
DEMO_024,T01,hold,hold
DEMO_024,T01,hold,hold
DEMO_024,T01,hold,flexion
DEMO_024,T01,hold,extension
DEMO_024,T01,extension,hold
DEMO_024,T01,extension,hold
DEMO_024,T01,extension,extension
DEMO_024,T01,extension,hold
DEMO_024,T01,extension,flexion
DEMO_024,T01,extension,flexion
DEMO_024,T01,extension,extension
DEMO_024,T01,extension,extension
DEMO_024,T01,extension,flexion
DEMO_024,T01,extension,hold
DEMO_024,T01,extension,flexion
DEMO_024,T01,extension,extension
DEMO_024,T01,extension,flexion
DEMO_024,T01,extension,flexion
DEMO_024,T01,extension,hold
DEMO_024,T01,extension,flexion
DEMO_024,T01,extension,hold
DEMO_024,T01,extension,extension
DEMO_024,T01,extension,flexion
DEMO_024,T01,extension,flexion
DEMO_024,T01,extension,extension
DEMO_024,T01,extension,hold
DEMO_024,T01,extension,hold
DEMO_024,T01,extension,hold
DEMO_024,T01,extension,extension
DEMO_024,T01,hold,flexion
DEMO_024,T01,hold,extension
DEMO_024,T01,hold,flexion
DEMO_024,T01,hold,flexion
DEMO_024,T01,hold,extension
DEMO_024,T01,flexion,extension
DEMO_024,T01,flexion,flexion
DEMO_024,T01,flexion,flexion
DEMO_024,T01,flexion,hold
DEMO_024,T01,flexion,hold
DEMO_024,T01,flexion,flexion
DEMO_024,T01,flexion,flexion
DEMO_024,T01,flexion,hold
DEMO_024,T01,flexion,hold
DEMO_024,T01,flexion,flexion
DEMO_024,T01,flexion,hold
DEMO_024,T02,flexion,flexion
DEMO_024,T02,flexion,extension
DEMO_024,T02,flexion,hold
DEMO_024,T02,flexion,flexion
DEMO_024,T02,flexion,flexion
DEMO_024,T02,flexion,flexion
DEMO_024,T02,flexion,flexion
DEMO_024,T02,flexion,flexion
DEMO_024,T02,flexion,flexion
DEMO_024,T02,flexion,flexion
DEMO_024,T02,flexion,hold
DEMO_024,T02,flexion,hold
DEMO_024,T02,flexion,hold
DEMO_024,T02,hold,flexion
DEMO_024,T02,hold,hold
DEMO_024,T02,hold,hold
DEMO_024,T02,hold,extension
DEMO_024,T02,hold,extension
DEMO_024,T02,extension,hold
DEMO_024,T02,extension,flexion
DEMO_024,T02,extension,extension
DEMO_024,T02,extension,hold
DEMO_024,T02,extension,extension
DEMO_024,T02,extension,extension
DEMO_024,T02,extension,flexion
DEMO_024,T02,extension,flexion
DEMO_024,T02,extension,hold
DEMO_024,T02,extension,flexion
DEMO_024,T02,extension,extension
DEMO_024,T02,extension,hold
DEMO_024,T02,extension,flexion
DEMO_024,T02,extension,flexion
DEMO_024,T02,extension,hold
DEMO_024,T02,extension,extension
DEMO_024,T02,extension,extension
DEMO_024,T02,extension,flexion
DEMO_024,T02,extension,extension
DEMO_024,T02,extension,extension
DEMO_024,T02,extension,flexion
DEMO_024,T02,extension,flexion
DEMO_024,T02,extension,extension
DEMO_024,T02,extension,extension
DEMO_024,T02,extension,extension
DEMO_024,T02,hold,hold
DEMO_024,T02,hold,hold
DEMO_024,T02,hold,extension
DEMO_024,T02,hold,flexion
DEMO_024,T02,hold,hold
DEMO_024,T02,flexion,extension
DEMO_024,T02,flexion,extension
DEMO_024,T02,flexion,flexion
DEMO_024,T02,flexion,flexion
DEMO_024,T02,flexion,hold
DEMO_024,T02,flexion,flexion
DEMO_024,T02,flexion,extension
DEMO_024,T02,flexion,hold
DEMO_024,T02,flexion,flexion
DEMO_024,T02,flexion,extension
DEMO_024,T02,flexion,flexion
DEMO_024,T03,flexion,flexion
DEMO_024,T03,flexion,extension
DEMO_024,T03,flexion,hold
DEMO_024,T03,flexion,extension
DEMO_024,T03,flexion,hold
DEMO_024,T03,flexion,flexion
DEMO_024,T03,flexion,flexion
DEMO_024,T03,flexion,extension
DEMO_024,T03,flexion,flexion
DEMO_024,T03,flexion,flexion
DEMO_024,T03,flexion,extension
DEMO_024,T03,flexion,hold
DEMO_024,T03,flexion,flexion
DEMO_024,T03,hold,flexion
DEMO_024,T03,hold,extension
DEMO_024,T03,hold,flexion
DEMO_024,T03,hold,extension
DEMO_024,T03,hold,extension
DEMO_024,T03,extension,hold
DEMO_024,T03,extension,hold
DEMO_024,T03,extension,hold
DEMO_024,T03,extension,hold
DEMO_024,T03,extension,hold
DEMO_024,T03,extension,flexion
DEMO_024,T03,extension,flexion
DEMO_024,T03,extension,flexion
DEMO_024,T03,extension,extension
DEMO_024,T03,extension,flexion
DEMO_024,T03,extension,hold
DEMO_024,T03,extension,flexion
DEMO_024,T03,extension,extension
DEMO_024,T03,extension,flexion
DEMO_024,T03,extension,flexion
DEMO_024,T03,extension,extension
DEMO_024,T03,extension,extension
DEMO_024,T03,extension,extension
DEMO_024,T03,extension,extension
DEMO_024,T03,extension,flexion
DEMO_024,T03,extension,hold
DEMO_024,T03,extension,extension
DEMO_024,T03,extension,hold
DEMO_024,T03,extension,extension
DEMO_024,T03,extension,hold
DEMO_024,T03,hold,extension
DEMO_024,T03,hold,hold
DEMO_024,T03,hold,hold
DEMO_024,T03,hold,extension
DEMO_024,T03,hold,flexion
DEMO_024,T03,flexion,extension
DEMO_024,T03,flexion,extension
DEMO_024,T03,flexion,flexion
DEMO_024,T03,flexion,flexion
DEMO_024,T03,flexion,hold
DEMO_024,T03,flexion,extension
DEMO_024,T03,flexion,hold
DEMO_024,T03,flexion,hold
DEMO_024,T03,flexion,hold
DEMO_024,T03,flexion,hold
DEMO_024,T03,flexion,hold
DEMO_025,T01,flexion,flexion
DEMO_025,T01,flexion,flexion
DEMO_025,T01,flexion,hold
DEMO_025,T01,flexion,hold
DEMO_025,T01,flexion,hold
DEMO_025,T01,flexion,extension
DEMO_025,T01,flexion,flexion
DEMO_025,T01,flexion,flexion
DEMO_025,T01,flexion,flexion
DEMO_025,T01,flexion,flexion
DEMO_025,T01,flexion,flexion
DEMO_025,T01,flexion,hold
DEMO_025,T01,flexion,hold
DEMO_025,T01,hold,extension
DEMO_025,T01,hold,hold
DEMO_025,T01,hold,flexion
DEMO_025,T01,hold,extension
DEMO_025,T01,hold,extension
DEMO_025,T01,extension,extension
DEMO_025,T01,extension,extension
DEMO_025,T01,extension,extension
DEMO_025,T01,extension,extension
DEMO_025,T01,extension,extension
DEMO_025,T01,extension,extension
DEMO_025,T01,extension,extension
DEMO_025,T01,extension,flexion
DEMO_025,T01,extension,extension
DEMO_025,T01,extension,extension
DEMO_025,T01,extension,extension
DEMO_025,T01,extension,flexion
DEMO_025,T01,extension,extension
DEMO_025,T01,extension,extension
DEMO_025,T01,extension,extension
DEMO_025,T01,extension,extension
DEMO_025,T01,extension,extension
DEMO_025,T01,extension,extension
DEMO_025,T01,extension,extension
DEMO_025,T01,extension,flexion
DEMO_025,T01,extension,extension
DEMO_025,T01,extension,extension
DEMO_025,T01,extension,extension
DEMO_025,T01,extension,extension
DEMO_025,T01,extension,extension
DEMO_025,T01,hold,extension
DEMO_025,T01,hold,extension
DEMO_025,T01,hold,extension
DEMO_025,T01,hold,extension
DEMO_025,T01,hold,extension
DEMO_025,T01,flexion,flexion
DEMO_025,T01,flexion,hold
DEMO_025,T01,flexion,flexion
DEMO_025,T01,flexion,flexion
DEMO_025,T01,flexion,extension
DEMO_025,T01,flexion,flexion
DEMO_025,T01,flexion,hold
DEMO_025,T01,flexion,hold
DEMO_025,T01,flexion,flexion
DEMO_025,T01,flexion,flexion
DEMO_025,T01,flexion,flexion
DEMO_025,T02,flexion,hold
DEMO_025,T02,flexion,hold
DEMO_025,T02,flexion,hold
DEMO_025,T02,flexion,flexion
DEMO_025,T02,flexion,hold
DEMO_025,T02,flexion,flexion
DEMO_025,T02,flexion,extension
DEMO_025,T02,flexion,extension
DEMO_025,T02,flexion,flexion
DEMO_025,T02,flexion,flexion
DEMO_025,T02,flexion,flexion
DEMO_025,T02,flexion,hold
DEMO_025,T02,flexion,hold
DEMO_025,T02,hold,hold
DEMO_025,T02,hold,hold
DEMO_025,T02,hold,hold
DEMO_025,T02,hold,hold
DEMO_025,T02,hold,hold
DEMO_025,T02,extension,flexion
DEMO_025,T02,extension,extension
DEMO_025,T02,extension,extension
DEMO_025,T02,extension,extension
DEMO_025,T02,extension,extension
DEMO_025,T02,extension,extension
DEMO_025,T02,extension,extension
DEMO_025,T02,extension,hold
DEMO_025,T02,extension,extension
DEMO_025,T02,extension,extension
DEMO_025,T02,extension,extension
DEMO_025,T02,extension,extension
DEMO_025,T02,extension,extension
DEMO_025,T02,extension,extension
DEMO_025,T02,extension,flexion
DEMO_025,T02,extension,extension
DEMO_025,T02,extension,flexion
DEMO_025,T02,extension,flexion
DEMO_025,T02,extension,extension
DEMO_025,T02,extension,extension
DEMO_025,T02,extension,extension
DEMO_025,T02,extension,extension
DEMO_025,T02,extension,extension
DEMO_025,T02,extension,extension
DEMO_025,T02,extension,extension
DEMO_025,T02,hold,extension
DEMO_025,T02,hold,flexion
DEMO_025,T02,hold,hold
DEMO_025,T02,hold,flexion
DEMO_025,T02,hold,extension
DEMO_025,T02,flexion,flexion
DEMO_025,T02,flexion,flexion
DEMO_025,T02,flexion,flexion
DEMO_025,T02,flexion,hold
DEMO_025,T02,flexion,hold
DEMO_025,T02,flexion,extension
DEMO_025,T02,flexion,hold
DEMO_025,T02,flexion,extension
DEMO_025,T02,flexion,extension
DEMO_025,T02,flexion,hold
DEMO_025,T02,flexion,extension
DEMO_025,T03,flexion,hold
DEMO_025,T03,flexion,flexion
DEMO_025,T03,flexion,flexion
DEMO_025,T03,flexion,extension
DEMO_025,T03,flexion,extension
DEMO_025,T03,flexion,flexion
DEMO_025,T03,flexion,hold
DEMO_025,T03,flexion,flexion
DEMO_025,T03,flexion,flexion
DEMO_025,T03,flexion,flexion
DEMO_025,T03,flexion,flexion
DEMO_025,T03,flexion,flexion
DEMO_025,T03,flexion,flexion
DEMO_025,T03,hold,hold
DEMO_025,T03,hold,extension
DEMO_025,T03,hold,flexion
DEMO_025,T03,hold,flexion
DEMO_025,T03,hold,extension
DEMO_025,T03,extension,flexion
DEMO_025,T03,extension,flexion
DEMO_025,T03,extension,extension
DEMO_025,T03,extension,extension
DEMO_025,T03,extension,extension
DEMO_025,T03,extension,extension
DEMO_025,T03,extension,extension
DEMO_025,T03,extension,extension
DEMO_025,T03,extension,extension
DEMO_025,T03,extension,extension
DEMO_025,T03,extension,extension
DEMO_025,T03,extension,extension
DEMO_025,T03,extension,extension
DEMO_025,T03,extension,hold
DEMO_025,T03,extension,extension
DEMO_025,T03,extension,extension
DEMO_025,T03,extension,extension
DEMO_025,T03,extension,extension
DEMO_025,T03,extension,extension
DEMO_025,T03,extension,extension
DEMO_025,T03,extension,extension
DEMO_025,T03,extension,extension
DEMO_025,T03,extension,extension
DEMO_025,T03,extension,extension
DEMO_025,T03,extension,extension
DEMO_025,T03,hold,extension
DEMO_025,T03,hold,extension
DEMO_025,T03,hold,hold
DEMO_025,T03,hold,extension
DEMO_025,T03,hold,flexion
DEMO_025,T03,flexion,extension
DEMO_025,T03,flexion,flexion
DEMO_025,T03,flexion,extension
DEMO_025,T03,flexion,flexion
DEMO_025,T03,flexion,hold
DEMO_025,T03,flexion,extension
DEMO_025,T03,flexion,hold
DEMO_025,T03,flexion,flexion
DEMO_025,T03,flexion,extension
DEMO_025,T03,flexion,hold
DEMO_025,T03,flexion,flexion
DEMO_026,T01,flexion,hold
DEMO_026,T01,flexion,extension
DEMO_026,T01,flexion,extension
DEMO_026,T01,flexion,extension
DEMO_026,T01,flexion,hold
DEMO_026,T01,flexion,flexion
DEMO_026,T01,flexion,extension
DEMO_026,T01,flexion,extension
DEMO_026,T01,flexion,hold
DEMO_026,T01,flexion,extension
DEMO_026,T01,flexion,flexion
DEMO_026,T01,flexion,hold
DEMO_026,T01,flexion,hold
DEMO_026,T01,hold,hold
DEMO_026,T01,hold,flexion
DEMO_026,T01,hold,hold
DEMO_026,T01,hold,flexion
DEMO_026,T01,hold,hold
DEMO_026,T01,extension,extension
DEMO_026,T01,extension,extension
DEMO_026,T01,extension,extension
DEMO_026,T01,extension,extension
DEMO_026,T01,extension,flexion
DEMO_026,T01,extension,extension
DEMO_026,T01,extension,flexion
DEMO_026,T01,extension,hold
DEMO_026,T01,extension,extension
DEMO_026,T01,extension,flexion
DEMO_026,T01,extension,extension
DEMO_026,T01,extension,extension
DEMO_026,T01,extension,extension
DEMO_026,T01,extension,extension
DEMO_026,T01,extension,flexion
DEMO_026,T01,extension,extension
DEMO_026,T01,extension,extension
DEMO_026,T01,extension,hold
DEMO_026,T01,extension,hold
DEMO_026,T01,extension,extension
DEMO_026,T01,extension,extension
DEMO_026,T01,extension,hold
DEMO_026,T01,extension,extension
DEMO_026,T01,extension,extension
DEMO_026,T01,extension,flexion
DEMO_026,T01,hold,hold
DEMO_026,T01,hold,hold
DEMO_026,T01,hold,extension
DEMO_026,T01,hold,extension
DEMO_026,T01,hold,flexion
DEMO_026,T01,flexion,extension
DEMO_026,T01,flexion,hold
DEMO_026,T01,flexion,extension
DEMO_026,T01,flexion,flexion
DEMO_026,T01,flexion,hold
DEMO_026,T01,flexion,hold
DEMO_026,T01,flexion,extension
DEMO_026,T01,flexion,flexion
DEMO_026,T01,flexion,flexion
DEMO_026,T01,flexion,flexion
DEMO_026,T01,flexion,extension
DEMO_026,T02,flexion,extension
DEMO_026,T02,flexion,extension
DEMO_026,T02,flexion,extension
DEMO_026,T02,flexion,flexion
DEMO_026,T02,flexion,extension
DEMO_026,T02,flexion,flexion
DEMO_026,T02,flexion,extension
DEMO_026,T02,flexion,hold
DEMO_026,T02,flexion,extension
DEMO_026,T02,flexion,flexion
DEMO_026,T02,flexion,extension
DEMO_026,T02,flexion,flexion
DEMO_026,T02,flexion,extension
DEMO_026,T02,hold,hold
DEMO_026,T02,hold,hold
DEMO_026,T02,hold,hold
DEMO_026,T02,hold,flexion
DEMO_026,T02,hold,extension
DEMO_026,T02,extension,extension
DEMO_026,T02,extension,extension
DEMO_026,T02,extension,extension
DEMO_026,T02,extension,flexion
DEMO_026,T02,extension,extension
DEMO_026,T02,extension,extension
DEMO_026,T02,extension,extension
DEMO_026,T02,extension,extension
DEMO_026,T02,extension,extension
DEMO_026,T02,extension,extension
DEMO_026,T02,extension,extension
DEMO_026,T02,extension,extension
DEMO_026,T02,extension,extension
DEMO_026,T02,extension,extension
DEMO_026,T02,extension,extension
DEMO_026,T02,extension,extension
DEMO_026,T02,extension,extension
DEMO_026,T02,extension,extension
DEMO_026,T02,extension,extension
DEMO_026,T02,extension,extension
DEMO_026,T02,extension,extension
DEMO_026,T02,extension,extension
DEMO_026,T02,extension,extension
DEMO_026,T02,extension,extension
DEMO_026,T02,extension,extension
DEMO_026,T02,hold,hold
DEMO_026,T02,hold,extension
DEMO_026,T02,hold,extension
DEMO_026,T02,hold,hold
DEMO_026,T02,hold,extension
DEMO_026,T02,flexion,flexion
DEMO_026,T02,flexion,extension
DEMO_026,T02,flexion,flexion
DEMO_026,T02,flexion,hold
DEMO_026,T02,flexion,flexion
DEMO_026,T02,flexion,extension
DEMO_026,T02,flexion,flexion
DEMO_026,T02,flexion,extension
DEMO_026,T02,flexion,flexion
DEMO_026,T02,flexion,hold
DEMO_026,T02,flexion,extension
DEMO_026,T03,flexion,extension
DEMO_026,T03,flexion,extension
DEMO_026,T03,flexion,extension
DEMO_026,T03,flexion,extension
DEMO_026,T03,flexion,hold
DEMO_026,T03,flexion,hold
DEMO_026,T03,flexion,extension
DEMO_026,T03,flexion,flexion
DEMO_026,T03,flexion,flexion
DEMO_026,T03,flexion,hold
DEMO_026,T03,flexion,flexion
DEMO_026,T03,flexion,extension
DEMO_026,T03,flexion,flexion
DEMO_026,T03,hold,flexion
DEMO_026,T03,hold,flexion
DEMO_026,T03,hold,hold
DEMO_026,T03,hold,hold
DEMO_026,T03,hold,hold
DEMO_026,T03,extension,extension
DEMO_026,T03,extension,hold
DEMO_026,T03,extension,extension
DEMO_026,T03,extension,extension
DEMO_026,T03,extension,extension
DEMO_026,T03,extension,extension
DEMO_026,T03,extension,extension
DEMO_026,T03,extension,extension
DEMO_026,T03,extension,extension
DEMO_026,T03,extension,extension
DEMO_026,T03,extension,extension
DEMO_026,T03,extension,extension
DEMO_026,T03,extension,extension
DEMO_026,T03,extension,flexion
DEMO_026,T03,extension,extension
DEMO_026,T03,extension,extension
DEMO_026,T03,extension,extension
DEMO_026,T03,extension,extension
DEMO_026,T03,extension,hold
DEMO_026,T03,extension,hold
DEMO_026,T03,extension,extension
DEMO_026,T03,extension,extension
DEMO_026,T03,extension,flexion
DEMO_026,T03,extension,hold
DEMO_026,T03,extension,extension
DEMO_026,T03,hold,extension
DEMO_026,T03,hold,hold
DEMO_026,T03,hold,hold
DEMO_026,T03,hold,extension
DEMO_026,T03,hold,extension
DEMO_026,T03,flexion,hold
DEMO_026,T03,flexion,hold
DEMO_026,T03,flexion,extension
DEMO_026,T03,flexion,hold
DEMO_026,T03,flexion,extension
DEMO_026,T03,flexion,hold
DEMO_026,T03,flexion,extension
DEMO_026,T03,flexion,extension
DEMO_026,T03,flexion,flexion
DEMO_026,T03,flexion,hold
DEMO_026,T03,flexion,flexion
DEMO_027,T01,flexion,extension
DEMO_027,T01,flexion,hold
DEMO_027,T01,flexion,flexion
DEMO_027,T01,flexion,hold
DEMO_027,T01,flexion,extension
DEMO_027,T01,flexion,flexion
DEMO_027,T01,flexion,flexion
DEMO_027,T01,flexion,extension
DEMO_027,T01,flexion,flexion
DEMO_027,T01,flexion,flexion
DEMO_027,T01,flexion,extension
DEMO_027,T01,flexion,hold
DEMO_027,T01,flexion,flexion
DEMO_027,T01,hold,hold
DEMO_027,T01,hold,extension
DEMO_027,T01,hold,flexion
DEMO_027,T01,hold,flexion
DEMO_027,T01,hold,extension
DEMO_027,T01,extension,extension
DEMO_027,T01,extension,extension
DEMO_027,T01,extension,extension
DEMO_027,T01,extension,hold
DEMO_027,T01,extension,hold
DEMO_027,T01,extension,flexion
DEMO_027,T01,extension,extension
DEMO_027,T01,extension,extension
DEMO_027,T01,extension,hold
DEMO_027,T01,extension,flexion
DEMO_027,T01,extension,flexion
DEMO_027,T01,extension,hold
DEMO_027,T01,extension,extension
DEMO_027,T01,extension,extension
DEMO_027,T01,extension,extension
DEMO_027,T01,extension,extension
DEMO_027,T01,extension,extension
DEMO_027,T01,extension,flexion
DEMO_027,T01,extension,flexion
DEMO_027,T01,extension,hold
DEMO_027,T01,extension,extension
DEMO_027,T01,extension,hold
DEMO_027,T01,extension,extension
DEMO_027,T01,extension,extension
DEMO_027,T01,extension,hold
DEMO_027,T01,hold,hold
DEMO_027,T01,hold,hold
DEMO_027,T01,hold,extension
DEMO_027,T01,hold,extension
DEMO_027,T01,hold,hold
DEMO_027,T01,flexion,flexion
DEMO_027,T01,flexion,extension
DEMO_027,T01,flexion,hold
DEMO_027,T01,flexion,flexion
DEMO_027,T01,flexion,flexion
DEMO_027,T01,flexion,flexion
DEMO_027,T01,flexion,extension
DEMO_027,T01,flexion,extension
DEMO_027,T01,flexion,flexion
DEMO_027,T01,flexion,flexion
DEMO_027,T01,flexion,flexion
DEMO_027,T02,flexion,flexion
DEMO_027,T02,flexion,extension
DEMO_027,T02,flexion,extension
DEMO_027,T02,flexion,flexion
DEMO_027,T02,flexion,hold
DEMO_027,T02,flexion,flexion
DEMO_027,T02,flexion,extension
DEMO_027,T02,flexion,flexion
DEMO_027,T02,flexion,extension
DEMO_027,T02,flexion,extension
DEMO_027,T02,flexion,flexion
DEMO_027,T02,flexion,extension
DEMO_027,T02,flexion,flexion
DEMO_027,T02,hold,extension
DEMO_027,T02,hold,hold
DEMO_027,T02,hold,extension
DEMO_027,T02,hold,flexion
DEMO_027,T02,hold,extension
DEMO_027,T02,extension,hold
DEMO_027,T02,extension,extension
DEMO_027,T02,extension,extension
DEMO_027,T02,extension,hold
DEMO_027,T02,extension,hold
DEMO_027,T02,extension,extension
DEMO_027,T02,extension,hold
DEMO_027,T02,extension,extension
DEMO_027,T02,extension,flexion
DEMO_027,T02,extension,flexion
DEMO_027,T02,extension,extension
DEMO_027,T02,extension,extension
DEMO_027,T02,extension,extension
DEMO_027,T02,extension,extension
DEMO_027,T02,extension,flexion
DEMO_027,T02,extension,flexion
DEMO_027,T02,extension,flexion
DEMO_027,T02,extension,extension
DEMO_027,T02,extension,extension
DEMO_027,T02,extension,hold
DEMO_027,T02,extension,flexion
DEMO_027,T02,extension,extension
DEMO_027,T02,extension,hold
DEMO_027,T02,extension,hold
DEMO_027,T02,extension,hold
DEMO_027,T02,hold,hold
DEMO_027,T02,hold,extension
DEMO_027,T02,hold,extension
DEMO_027,T02,hold,extension
DEMO_027,T02,hold,flexion
DEMO_027,T02,flexion,flexion
DEMO_027,T02,flexion,hold
DEMO_027,T02,flexion,flexion
DEMO_027,T02,flexion,flexion
DEMO_027,T02,flexion,flexion
DEMO_027,T02,flexion,flexion
DEMO_027,T02,flexion,flexion
DEMO_027,T02,flexion,extension
DEMO_027,T02,flexion,flexion
DEMO_027,T02,flexion,hold
DEMO_027,T02,flexion,hold
DEMO_027,T03,flexion,extension
DEMO_027,T03,flexion,flexion
DEMO_027,T03,flexion,flexion
DEMO_027,T03,flexion,flexion
DEMO_027,T03,flexion,extension
DEMO_027,T03,flexion,flexion
DEMO_027,T03,flexion,hold
DEMO_027,T03,flexion,flexion
DEMO_027,T03,flexion,flexion
DEMO_027,T03,flexion,flexion
DEMO_027,T03,flexion,flexion
DEMO_027,T03,flexion,flexion
DEMO_027,T03,flexion,flexion
DEMO_027,T03,hold,extension
DEMO_027,T03,hold,extension
DEMO_027,T03,hold,hold
DEMO_027,T03,hold,extension
DEMO_027,T03,hold,extension
DEMO_027,T03,extension,hold
DEMO_027,T03,extension,extension
DEMO_027,T03,extension,extension
DEMO_027,T03,extension,hold
DEMO_027,T03,extension,extension
DEMO_027,T03,extension,flexion
DEMO_027,T03,extension,extension
DEMO_027,T03,extension,flexion
DEMO_027,T03,extension,extension
DEMO_027,T03,extension,extension
DEMO_027,T03,extension,flexion
DEMO_027,T03,extension,extension
DEMO_027,T03,extension,extension
DEMO_027,T03,extension,flexion
DEMO_027,T03,extension,flexion
DEMO_027,T03,extension,extension
DEMO_027,T03,extension,hold
DEMO_027,T03,extension,extension
DEMO_027,T03,extension,extension
DEMO_027,T03,extension,extension
DEMO_027,T03,extension,extension
DEMO_027,T03,extension,flexion
DEMO_027,T03,extension,hold
DEMO_027,T03,extension,hold
DEMO_027,T03,extension,hold
DEMO_027,T03,hold,extension
DEMO_027,T03,hold,hold
DEMO_027,T03,hold,extension
DEMO_027,T03,hold,flexion
DEMO_027,T03,hold,extension
DEMO_027,T03,flexion,flexion
DEMO_027,T03,flexion,extension
DEMO_027,T03,flexion,extension
DEMO_027,T03,flexion,flexion
DEMO_027,T03,flexion,extension
DEMO_027,T03,flexion,flexion
DEMO_027,T03,flexion,extension
DEMO_027,T03,flexion,flexion
DEMO_027,T03,flexion,flexion
DEMO_027,T03,flexion,flexion
DEMO_027,T03,flexion,flexion
