subject_id,trial_id,truth_deg,prediction_deg
DEMO_024,T01,62.61321158169134,55.06862539269717
DEMO_024,T01,65.19779227044398,56.995457633627375
DEMO_024,T01,67.72542485937369,49.695735925584486
DEMO_024,T01,70.168416076895,51.825246190725125
DEMO_024,T01,72.5,46.152965359833196
DEMO_024,T01,74.69463130731182,52.76280975047005
DEMO_024,T01,76.72826515897145,47.82401707698786
DEMO_024,T01,78.57862063693486,43.70342004663152
DEMO_024,T01,80.22542485937369,52.57129419099831
DEMO_024,T01,81.65063509461096,50.521586602091475
DEMO_024,T01,82.83863644106502,40.10719204968534
DEMO_024,T01,83.77641290737884,50.8405051546338
DEMO_024,T01,84.45369001834514,69.93558670165605
DEMO_024,T01,84.86304738420684,65.2290726483088
DEMO_024,T01,85.0,70.54387278022409
DEMO_024,T01,84.86304738420684,69.70935406868531
DEMO_024,T01,84.45369001834514,75.86234705750748
DEMO_024,T01,83.77641290737884,72.9804161598549
DEMO_024,T01,82.83863644106502,79.59978468937483
DEMO_024,T01,81.65063509461098,87.85508634609448
DEMO_024,T01,80.22542485937369,84.85387495669764
DEMO_024,T01,78.57862063693486,67.0077972530928
DEMO_024,T01,76.72826515897145,70.94342496660708
DEMO_024,T01,74.69463130731182,69.59322647501136
DEMO_024,T01,72.5,69.13107101406052
DEMO_024,T01,70.16841607689501,73.53635455630355
DEMO_024,T01,67.72542485937369,67.6155989388281
DEMO_024,T01,65.19779227044398,63.79716463908095
DEMO_024,T01,62.613211581691324,68.73945737747462
DEMO_024,T01,60.0,72.17607064185265
DEMO_024,T01,57.38678841830866,68.1917708738622
DEMO_024,T01,54.802207729556024,70.4055562571346
DEMO_024,T01,52.27457514062632,67.15288766180684
DEMO_024,T01,49.831583923104986,68.28757408528361
DEMO_024,T01,47.50000000000001,71.41683768067807
DEMO_024,T01,45.30536869268818,75.23252601129128
DEMO_024,T01,43.27173484102855,70.8684176769781
DEMO_024,T01,41.42137936306515,66.46893219195717
DEMO_024,T01,39.774575140626304,68.45735058157591
DEMO_024,T01,38.34936490538904,60.71463512903532
DEMO_024,T01,37.16136355893498,54.57847651416472
DEMO_024,T01,36.22358709262116,41.578293735804166
DEMO_024,T01,35.54630998165486,39.74616027284114
DEMO_024,T01,35.13695261579316,37.94034547030375
DEMO_024,T01,35.0,50.39300503961856
DEMO_024,T01,35.13695261579316,38.80776521645474
DEMO_024,T01,35.54630998165486,33.1654956597076
DEMO_024,T01,36.223587092621166,35.82724197025758
DEMO_024,T01,37.16136355893498,34.12811496030352
DEMO_024,T01,38.34936490538904,34.06854432670456
DEMO_024,T01,39.774575140626325,42.329409797305445
DEMO_024,T01,41.421379363065135,39.97869410926667
DEMO_024,T01,43.27173484102855,41.18458279983941
DEMO_024,T01,45.30536869268816,47.334049347302376
DEMO_024,T01,47.499999999999986,52.25685763700738
DEMO_024,T01,49.831583923105,51.673681664334154
DEMO_024,T01,52.27457514062633,49.834399666472976
DEMO_024,T01,54.802207729556045,54.36368001660971
DEMO_024,T01,57.38678841830866,53.63397041556322
DEMO_024,T02,62.61321158169134,54.48718800344412
DEMO_024,T02,65.19779227044398,57.494425146523
DEMO_024,T02,67.72542485937369,52.58215939628343
DEMO_024,T02,70.168416076895,55.96801370453886
DEMO_024,T02,72.5,56.017024729271526
DEMO_024,T02,74.69463130731182,55.70602368459439
DEMO_024,T02,76.72826515897145,50.001240810547564
DEMO_024,T02,78.57862063693486,45.7618027252818
DEMO_024,T02,80.22542485937369,33.02403415715055
DEMO_024,T02,81.65063509461096,42.27695359535159
DEMO_024,T02,82.83863644106502,74.10650692290403
DEMO_024,T02,83.77641290737884,67.08239094507655
DEMO_024,T02,84.45369001834514,44.793217774514545
DEMO_024,T02,84.86304738420684,83.24723407730755
DEMO_024,T02,85.0,68.26851952348753
DEMO_024,T02,84.86304738420684,69.52006659400162
DEMO_024,T02,84.45369001834514,88.9613103521448
DEMO_024,T02,83.77641290737884,74.30095815336927
DEMO_024,T02,82.83863644106502,86.38536969956643
DEMO_024,T02,81.65063509461098,60.362765737897675
DEMO_024,T02,80.22542485937369,77.53818309768555
DEMO_024,T02,78.57862063693486,80.37648073006078
DEMO_024,T02,76.72826515897145,75.98423653717734
DEMO_024,T02,74.69463130731182,77.67562592875272
DEMO_024,T02,72.5,72.65300866946296
DEMO_024,T02,70.16841607689501,70.25690446635409
DEMO_024,T02,67.72542485937369,70.46381128086111
DEMO_024,T02,65.19779227044398,71.4936342091552
DEMO_024,T02,62.613211581691324,71.25130123888964
DEMO_024,T02,60.0,63.507780514096346
DEMO_024,T02,57.38678841830866,66.56245545985074
DEMO_024,T02,54.802207729556024,69.3281111581312
DEMO_024,T02,52.27457514062632,64.64799932619388
DEMO_024,T02,49.831583923104986,66.51835979632347
DEMO_024,T02,47.50000000000001,74.18622433741818
DEMO_024,T02,45.30536869268818,66.93846282776221
DEMO_024,T02,43.27173484102855,62.991678440650034
DEMO_024,T02,41.42137936306515,64.41576065185545
DEMO_024,T02,39.774575140626304,72.86800065180584
DEMO_024,T02,38.34936490538904,72.97097121096904
DEMO_024,T02,37.16136355893498,62.142715348904424
DEMO_024,T02,36.22358709262116,74.77149249363192
DEMO_024,T02,35.54630998165486,79.64883328506157
DEMO_024,T02,35.13695261579316,44.23701678804743
DEMO_024,T02,35.0,61.52122290376002
DEMO_024,T02,35.13695261579316,35.098154134341925
DEMO_024,T02,35.54630998165486,38.526074628723535
DEMO_024,T02,36.223587092621166,46.83141823090649
DEMO_024,T02,37.16136355893498,45.09056139633681
DEMO_024,T02,38.34936490538904,39.54089221156548
DEMO_024,T02,39.774575140626325,43.18046231305638
DEMO_024,T02,41.421379363065135,35.80637211963036
DEMO_024,T02,43.27173484102855,40.164087946515004
DEMO_024,T02,45.30536869268816,48.31540271151264
DEMO_024,T02,47.499999999999986,52.22501316598194
DEMO_024,T02,49.831583923105,49.874178031910304
DEMO_024,T02,52.27457514062633,54.702849694022056
DEMO_024,T02,54.802207729556045,49.93967225886014
DEMO_024,T02,57.38678841830866,57.37691875090585
DEMO_024,T03,62.61321158169134,52.052455799102944
DEMO_024,T03,65.19779227044398,51.325059473021014
DEMO_024,T03,67.72542485937369,56.6057151212907
DEMO_024,T03,70.168416076895,55.63877103806911
DEMO_024,T03,72.5,50.142266154508164
DEMO_024,T03,74.69463130731182,59.588712686101175
DEMO_024,T03,76.72826515897145,49.57002118389829
DEMO_024,T03,78.57862063693486,37.73618841020699
DEMO_024,T03,80.22542485937369,57.25792673448347
DEMO_024,T03,81.65063509461096,54.98317548621679
DEMO_024,T03,82.83863644106502,50.77549626863416
DEMO_024,T03,83.77641290737884,51.936937645948895
DEMO_024,T03,84.45369001834514,55.430711661055156
DEMO_024,T03,84.86304738420684,68.6138450736025
DEMO_024,T03,85.0,71.15641381403174
DEMO_024,T03,84.86304738420684,63.29293980211245
DEMO_024,T03,84.45369001834514,90.09108364120836
DEMO_024,T03,83.77641290737884,97.70519553066612
DEMO_024,T03,82.83863644106502,92.37180081527066
DEMO_024,T03,81.65063509461098,87.78037795325322
DEMO_024,T03,80.22542485937369,86.81227620940294
DEMO_024,T03,78.57862063693486,78.72327493878458
DEMO_024,T03,76.72826515897145,88.48362645082628
DEMO_024,T03,74.69463130731182,81.8569389113321
DEMO_024,T03,72.5,71.79499041937594
DEMO_024,T03,70.16841607689501,68.46092915811711
DEMO_024,T03,67.72542485937369,70.99524192814437
DEMO_024,T03,65.19779227044398,69.50856208276697
DEMO_024,T03,62.613211581691324,63.03024206720615
DEMO_024,T03,60.0,65.46224295887286
DEMO_024,T03,57.38678841830866,64.31868135044952
DEMO_024,T03,54.802207729556024,68.96130105163792
DEMO_024,T03,52.27457514062632,67.65088835078576
DEMO_024,T03,49.831583923104986,68.88936391051658
DEMO_024,T03,47.50000000000001,57.727115569240176
DEMO_024,T03,45.30536869268818,59.82327239124564
DEMO_024,T03,43.27173484102855,68.44902032073628
DEMO_024,T03,41.42137936306515,70.30930835579186
DEMO_024,T03,39.774575140626304,79.62841308379343
DEMO_024,T03,38.34936490538904,81.89167685161324
DEMO_024,T03,37.16136355893498,61.66228123355496
DEMO_024,T03,36.22358709262116,47.28132370536329
DEMO_024,T03,35.54630998165486,82.05372460189396
DEMO_024,T03,35.13695261579316,51.43432931533001
DEMO_024,T03,35.0,41.907847302693504
DEMO_024,T03,35.13695261579316,54.46944429865988
DEMO_024,T03,35.54630998165486,37.088660505877414
DEMO_024,T03,36.223587092621166,56.33316092674715
DEMO_024,T03,37.16136355893498,36.734729637265744
DEMO_024,T03,38.34936490538904,34.050557429561195
DEMO_024,T03,39.774575140626325,35.241941939176485
DEMO_024,T03,41.421379363065135,44.40678958181981
DEMO_024,T03,43.27173484102855,39.45697885363704
DEMO_024,T03,45.30536869268816,47.503765975776645
DEMO_024,T03,47.499999999999986,41.81739062024036
DEMO_024,T03,49.831583923105,48.87080913114098
DEMO_024,T03,52.27457514062633,51.22902062611644
DEMO_024,T03,54.802207729556045,52.30095777108005
DEMO_024,T03,57.38678841830866,52.65746755665704
DEMO_025,T01,62.61321158169134,57.03946697750768
DEMO_025,T01,65.19779227044398,57.624245292887196
DEMO_025,T01,67.72542485937369,57.262957346876675
DEMO_025,T01,70.168416076895,51.98563776886833
DEMO_025,T01,72.5,50.37594614468243
DEMO_025,T01,74.69463130731182,58.07965488917974
DEMO_025,T01,76.72826515897145,57.643955529142026
DEMO_025,T01,78.57862063693486,50.008680583789385
DEMO_025,T01,80.22542485937369,65.59290094673162
DEMO_025,T01,81.65063509461096,58.078586165573995
DEMO_025,T01,82.83863644106502,63.84107340058167
DEMO_025,T01,83.77641290737884,51.907447913857574
DEMO_025,T01,84.45369001834514,52.57005229528039
DEMO_025,T01,84.86304738420684,77.02092273490975
DEMO_025,T01,85.0,57.3603475450587
DEMO_025,T01,84.86304738420684,74.49946406058788
DEMO_025,T01,84.45369001834514,71.68978309336623
DEMO_025,T01,83.77641290737884,61.831418653159666
DEMO_025,T01,82.83863644106502,62.47934840736955
DEMO_025,T01,81.65063509461098,77.85606704774686
DEMO_025,T01,80.22542485937369,67.40144396319228
DEMO_025,T01,78.57862063693486,61.12945072939407
DEMO_025,T01,76.72826515897145,64.56334747996559
DEMO_025,T01,74.69463130731182,63.146667882652
DEMO_025,T01,72.5,59.90238278520042
DEMO_025,T01,70.16841607689501,58.83848117519699
DEMO_025,T01,67.72542485937369,59.71443311299872
DEMO_025,T01,65.19779227044398,58.97580247255101
DEMO_025,T01,62.613211581691324,57.44430618045974
DEMO_025,T01,60.0,59.609553181931794
DEMO_025,T01,57.38678841830866,59.96631728938505
DEMO_025,T01,54.802207729556024,60.927225899007745
DEMO_025,T01,52.27457514062632,56.69886866512707
DEMO_025,T01,49.831583923104986,58.212995569167866
DEMO_025,T01,47.50000000000001,58.53596037869446
DEMO_025,T01,45.30536869268818,59.39905760271115
DEMO_025,T01,43.27173484102855,56.9720348316939
DEMO_025,T01,41.42137936306515,56.701169171521194
DEMO_025,T01,39.774575140626304,52.36458037706082
DEMO_025,T01,38.34936490538904,62.5070857788768
DEMO_025,T01,37.16136355893498,51.9853459537337
DEMO_025,T01,36.22358709262116,53.54566893298465
DEMO_025,T01,35.54630998165486,41.425112712384255
DEMO_025,T01,35.13695261579316,49.58649422942762
DEMO_025,T01,35.0,34.689624174824324
DEMO_025,T01,35.13695261579316,30.44643484077666
DEMO_025,T01,35.54630998165486,37.075069899616835
DEMO_025,T01,36.223587092621166,43.03875470116926
DEMO_025,T01,37.16136355893498,35.37652928144672
DEMO_025,T01,38.34936490538904,33.23752813621378
DEMO_025,T01,39.774575140626325,42.100402361877975
DEMO_025,T01,41.421379363065135,43.094702939665005
DEMO_025,T01,43.27173484102855,41.67545086095508
DEMO_025,T01,45.30536869268816,48.786822419693564
DEMO_025,T01,47.499999999999986,52.02645517970828
DEMO_025,T01,49.831583923105,54.67834788193333
DEMO_025,T01,52.27457514062633,55.52160256166083
DEMO_025,T01,54.802207729556045,54.975610951435826
DEMO_025,T01,57.38678841830866,53.97793888216455
DEMO_025,T02,62.61321158169134,54.78124164092214
DEMO_025,T02,65.19779227044398,58.27538193272136
DEMO_025,T02,67.72542485937369,52.125925748244256
DEMO_025,T02,70.168416076895,57.01001499157363
DEMO_025,T02,72.5,53.07657957364872
DEMO_025,T02,74.69463130731182,55.36506975120127
DEMO_025,T02,76.72826515897145,66.65474998025233
DEMO_025,T02,78.57862063693486,57.109005458135165
DEMO_025,T02,80.22542485937369,66.66469573893174
DEMO_025,T02,81.65063509461096,44.117910249583815
DEMO_025,T02,82.83863644106502,50.81894439348462
DEMO_025,T02,83.77641290737884,78.8697377681952
DEMO_025,T02,84.45369001834514,73.16009477215128
DEMO_025,T02,84.86304738420684,72.30750724162365
DEMO_025,T02,85.0,65.48681902297228
DEMO_025,T02,84.86304738420684,61.42078806033401
DEMO_025,T02,84.45369001834514,86.17644058905898
DEMO_025,T02,83.77641290737884,81.38408703075923
DEMO_025,T02,82.83863644106502,71.93480667049147
DEMO_025,T02,81.65063509461098,70.5406071675864
DEMO_025,T02,80.22542485937369,72.00823337099052
DEMO_025,T02,78.57862063693486,70.27063097994005
DEMO_025,T02,76.72826515897145,64.60697367961411
DEMO_025,T02,74.69463130731182,65.23995227051358
DEMO_025,T02,72.5,62.18034096103306
DEMO_025,T02,70.16841607689501,66.08835329997461
DEMO_025,T02,67.72542485937369,59.34961276532408
DEMO_025,T02,65.19779227044398,59.16496599557302
DEMO_025,T02,62.613211581691324,59.57543743169549
DEMO_025,T02,60.0,59.40241231648546
DEMO_025,T02,57.38678841830866,60.24136654891888
DEMO_025,T02,54.802207729556024,59.94238781429872
DEMO_025,T02,52.27457514062632,63.88368107386694
DEMO_025,T02,49.831583923104986,57.58446839265262
DEMO_025,T02,47.50000000000001,58.42916363068156
DEMO_025,T02,45.30536869268818,62.06018548418839
DEMO_025,T02,43.27173484102855,60.41844755235052
DEMO_025,T02,41.42137936306515,58.613791373017065
DEMO_025,T02,39.774575140626304,62.81633954929909
DEMO_025,T02,38.34936490538904,53.989599375250705
DEMO_025,T02,37.16136355893498,54.089979508884404
DEMO_025,T02,36.22358709262116,33.906855519750195
DEMO_025,T02,35.54630998165486,46.813378867126225
DEMO_025,T02,35.13695261579316,45.77720608706042
DEMO_025,T02,35.0,33.4466887707907
DEMO_025,T02,35.13695261579316,50.887195735487595
DEMO_025,T02,35.54630998165486,36.85934877415875
DEMO_025,T02,36.223587092621166,45.99192775074977
DEMO_025,T02,37.16136355893498,30.46616674923256
DEMO_025,T02,38.34936490538904,41.380952718727784
DEMO_025,T02,39.774575140626325,41.081341730844386
DEMO_025,T02,41.421379363065135,46.253385420858585
DEMO_025,T02,43.27173484102855,53.65139580453232
DEMO_025,T02,45.30536869268816,42.56743825269899
DEMO_025,T02,47.499999999999986,51.82208452912037
DEMO_025,T02,49.831583923105,52.03334848019437
DEMO_025,T02,52.27457514062633,52.907694692000504
DEMO_025,T02,54.802207729556045,56.0999493784767
DEMO_025,T02,57.38678841830866,54.99235654900924
DEMO_025,T03,62.61321158169134,55.136819194840925
DEMO_025,T03,65.19779227044398,58.70196448876771
DEMO_025,T03,67.72542485937369,55.842199402464
DEMO_025,T03,70.168416076895,51.50443811445848
DEMO_025,T03,72.5,56.29101347230375
DEMO_025,T03,74.69463130731182,58.1443079324757
DEMO_025,T03,76.72826515897145,53.544946077091744
DEMO_025,T03,78.57862063693486,46.12694189659432
DEMO_025,T03,80.22542485937369,55.34137544031547
DEMO_025,T03,81.65063509461096,47.96539276878953
DEMO_025,T03,82.83863644106502,56.460109382617745
DEMO_025,T03,83.77641290737884,40.799698804219005
DEMO_025,T03,84.45369001834514,53.10502844460902
DEMO_025,T03,84.86304738420684,77.36071537390008
DEMO_025,T03,85.0,43.12815879869906
DEMO_025,T03,84.86304738420684,65.29629212379555
DEMO_025,T03,84.45369001834514,50.46407225858073
DEMO_025,T03,83.77641290737884,81.73113053765348
DEMO_025,T03,82.83863644106502,73.77414464799091
DEMO_025,T03,81.65063509461098,67.92734889483323
DEMO_025,T03,80.22542485937369,59.74369909243938
DEMO_025,T03,78.57862063693486,69.88051793453575
DEMO_025,T03,76.72826515897145,56.37647126981781
DEMO_025,T03,74.69463130731182,60.4235184062462
DEMO_025,T03,72.5,63.26475705410438
DEMO_025,T03,70.16841607689501,61.495756543665486
DEMO_025,T03,67.72542485937369,60.35260312471326
DEMO_025,T03,65.19779227044398,58.03810098798863
DEMO_025,T03,62.613211581691324,60.53929595606453
DEMO_025,T03,60.0,60.190451333013655
DEMO_025,T03,57.38678841830866,61.76380534385154
DEMO_025,T03,54.802207729556024,61.06706758069328
DEMO_025,T03,52.27457514062632,59.59498562172803
DEMO_025,T03,49.831583923104986,61.25955619001884
DEMO_025,T03,47.50000000000001,55.790408717504924
DEMO_025,T03,45.30536869268818,59.21112098509152
DEMO_025,T03,43.27173484102855,58.361523435352346
DEMO_025,T03,41.42137936306515,52.21980924120365
DEMO_025,T03,39.774575140626304,39.93873573833757
DEMO_025,T03,38.34936490538904,55.97675343938686
DEMO_025,T03,37.16136355893498,56.95568067782263
DEMO_025,T03,36.22358709262116,59.74658498390403
DEMO_025,T03,35.54630998165486,45.83711076806506
DEMO_025,T03,35.13695261579316,41.28080561133085
DEMO_025,T03,35.0,33.299472734841984
DEMO_025,T03,35.13695261579316,55.05877035142736
DEMO_025,T03,35.54630998165486,44.83951226279294
DEMO_025,T03,36.223587092621166,31.82599998187918
DEMO_025,T03,37.16136355893498,36.998726955759054
DEMO_025,T03,38.34936490538904,41.18131533654266
DEMO_025,T03,39.774575140626325,41.3156035583125
DEMO_025,T03,41.421379363065135,40.26188459199684
DEMO_025,T03,43.27173484102855,47.637680640063635
DEMO_025,T03,45.30536869268816,48.78361571611929
DEMO_025,T03,47.499999999999986,52.15289343348635
DEMO_025,T03,49.831583923105,55.70455275571747
DEMO_025,T03,52.27457514062633,53.56924518131406
DEMO_025,T03,54.802207729556045,54.85496885892492
DEMO_025,T03,57.38678841830866,55.323021619157075
DEMO_026,T01,62.61321158169134,54.69080344326511
DEMO_026,T01,65.19779227044398,52.767720095865414
DEMO_026,T01,67.72542485937369,47.05649243516913
DEMO_026,T01,70.168416076895,52.72155325246471
DEMO_026,T01,72.5,49.40278507252812
DEMO_026,T01,74.69463130731182,55.01242936242527
DEMO_026,T01,76.72826515897145,49.07568980344013
DEMO_026,T01,78.57862063693486,49.20184921523359
DEMO_026,T01,80.22542485937369,55.589010165844144
DEMO_026,T01,81.65063509461096,41.64139293701206
DEMO_026,T01,82.83863644106502,42.1521765432661
DEMO_026,T01,83.77641290737884,62.17909051208059
DEMO_026,T01,84.45369001834514,56.558367474612176
DEMO_026,T01,84.86304738420684,60.57171140231714
DEMO_026,T01,85.0,62.83016249510022
DEMO_026,T01,84.86304738420684,51.85068328008
DEMO_026,T01,84.45369001834514,57.143033324112935
DEMO_026,T01,83.77641290737884,53.631827041526556
DEMO_026,T01,82.83863644106502,73.14447950100006
DEMO_026,T01,81.65063509461098,69.33694137769452
DEMO_026,T01,80.22542485937369,51.14814666910014
DEMO_026,T01,78.57862063693486,59.54636426616861
DEMO_026,T01,76.72826515897145,70.63438171691348
DEMO_026,T01,74.69463130731182,48.135951789601435
DEMO_026,T01,72.5,67.16947883814564
DEMO_026,T01,70.16841607689501,38.25902069131428
DEMO_026,T01,67.72542485937369,61.36478103162619
DEMO_026,T01,65.19779227044398,56.42721945837716
DEMO_026,T01,62.613211581691324,49.05466200308493
DEMO_026,T01,60.0,52.74403547946825
DEMO_026,T01,57.38678841830866,61.12353315437744
DEMO_026,T01,54.802207729556024,52.81317801674241
DEMO_026,T01,52.27457514062632,52.10162013486446
DEMO_026,T01,49.831583923104986,52.255957525121175
DEMO_026,T01,47.50000000000001,49.844676605937934
DEMO_026,T01,45.30536869268818,37.404868081718575
DEMO_026,T01,43.27173484102855,39.552061105429715
DEMO_026,T01,41.42137936306515,42.018804986615805
DEMO_026,T01,39.774575140626304,39.4913853469361
DEMO_026,T01,38.34936490538904,32.76179937759571
DEMO_026,T01,37.16136355893498,37.94849405142151
DEMO_026,T01,36.22358709262116,38.79024458992345
DEMO_026,T01,35.54630998165486,37.675010054235614
DEMO_026,T01,35.13695261579316,40.70251379586506
DEMO_026,T01,35.0,37.06319101073565
DEMO_026,T01,35.13695261579316,41.06955669575537
DEMO_026,T01,35.54630998165486,34.00568221782634
DEMO_026,T01,36.223587092621166,35.46671351425944
DEMO_026,T01,37.16136355893498,33.23982270079543
DEMO_026,T01,38.34936490538904,33.90614778089382
DEMO_026,T01,39.774575140626325,45.53746275494731
DEMO_026,T01,41.421379363065135,36.76085443953825
DEMO_026,T01,43.27173484102855,43.42210137594532
DEMO_026,T01,45.30536869268816,50.44206909263319
DEMO_026,T01,47.499999999999986,47.01520496273052
DEMO_026,T01,49.831583923105,50.361092211715444
DEMO_026,T01,52.27457514062633,53.095640290051435
DEMO_026,T01,54.802207729556045,50.758618810866906
DEMO_026,T01,57.38678841830866,51.91220626202819
DEMO_026,T02,62.61321158169134,55.239294655311014
DEMO_026,T02,65.19779227044398,54.77029324147808
DEMO_026,T02,67.72542485937369,48.78945276216562
DEMO_026,T02,70.168416076895,50.70110504675214
DEMO_026,T02,72.5,52.472896219142754
DEMO_026,T02,74.69463130731182,46.43161297041146
DEMO_026,T02,76.72826515897145,39.74990772763604
DEMO_026,T02,78.57862063693486,43.102412883725755
DEMO_026,T02,80.22542485937369,51.517909347860744
DEMO_026,T02,81.65063509461096,43.69755628679887
DEMO_026,T02,82.83863644106502,53.05628138102101
DEMO_026,T02,83.77641290737884,75.52132814879613
DEMO_026,T02,84.45369001834514,37.06721396384462
DEMO_026,T02,84.86304738420684,65.49325625352704
DEMO_026,T02,85.0,43.017429934469604
DEMO_026,T02,84.86304738420684,62.07333932345044
DEMO_026,T02,84.45369001834514,40.036945291720365
DEMO_026,T02,83.77641290737884,58.01710630052329
DEMO_026,T02,82.83863644106502,49.490653309570774
DEMO_026,T02,81.65063509461098,50.12549657694106
DEMO_026,T02,80.22542485937369,69.76043871303509
DEMO_026,T02,78.57862063693486,59.544341352510344
DEMO_026,T02,76.72826515897145,48.53832689882476
DEMO_026,T02,74.69463130731182,50.98709079433819
DEMO_026,T02,72.5,50.95676905404409
DEMO_026,T02,70.16841607689501,54.271403634786026
DEMO_026,T02,67.72542485937369,57.639714101013986
DEMO_026,T02,65.19779227044398,56.19944306774282
DEMO_026,T02,62.613211581691324,61.60224180984288
DEMO_026,T02,60.0,65.68534302292524
DEMO_026,T02,57.38678841830866,48.74619794204359
DEMO_026,T02,54.802207729556024,53.075862929264375
DEMO_026,T02,52.27457514062632,62.045008397608086
DEMO_026,T02,49.831583923104986,60.629218659199026
DEMO_026,T02,47.50000000000001,38.092812167700416
DEMO_026,T02,45.30536869268818,50.899366444366876
DEMO_026,T02,43.27173484102855,39.236255407488045
DEMO_026,T02,41.42137936306515,54.137673928080744
DEMO_026,T02,39.774575140626304,55.576766808960926
DEMO_026,T02,38.34936490538904,46.48319509367862
DEMO_026,T02,37.16136355893498,65.01506635697775
DEMO_026,T02,36.22358709262116,30.06171983427724
DEMO_026,T02,35.54630998165486,43.6914314915837
DEMO_026,T02,35.13695261579316,38.87113304230367
DEMO_026,T02,35.0,34.928122071668554
DEMO_026,T02,35.13695261579316,37.93551661132247
DEMO_026,T02,35.54630998165486,45.20349825516581
DEMO_026,T02,36.223587092621166,38.68603765524404
DEMO_026,T02,37.16136355893498,34.95086903646181
DEMO_026,T02,38.34936490538904,36.138317582508776
DEMO_026,T02,39.774575140626325,43.02544662128963
DEMO_026,T02,41.421379363065135,47.35125223555315
DEMO_026,T02,43.27173484102855,50.018765022786155
DEMO_026,T02,45.30536869268816,46.66820747171707
DEMO_026,T02,47.499999999999986,52.81913875206451
DEMO_026,T02,49.831583923105,53.2260640283919
DEMO_026,T02,52.27457514062633,52.065026557301024
DEMO_026,T02,54.802207729556045,52.12470482984344
DEMO_026,T02,57.38678841830866,53.764594127101276
DEMO_026,T03,62.61321158169134,56.338527438795865
DEMO_026,T03,65.19779227044398,52.762429857766605
DEMO_026,T03,67.72542485937369,51.36842568279105
DEMO_026,T03,70.168416076895,50.33285458651831
DEMO_026,T03,72.5,52.47001342537945
DEMO_026,T03,74.69463130731182,41.008733139071424
DEMO_026,T03,76.72826515897145,47.907188294696795
DEMO_026,T03,78.57862063693486,56.120044061907684
DEMO_026,T03,80.22542485937369,46.59439031915733
DEMO_026,T03,81.65063509461096,54.85898777765411
DEMO_026,T03,82.83863644106502,67.73394248485698
DEMO_026,T03,83.77641290737884,51.14511983428829
DEMO_026,T03,84.45369001834514,70.58941699734333
DEMO_026,T03,84.86304738420684,82.69689347274904
DEMO_026,T03,85.0,34.07883788254864
DEMO_026,T03,84.86304738420684,37.450047786517004
DEMO_026,T03,84.45369001834514,44.246496457818324
DEMO_026,T03,83.77641290737884,53.979293422522616
DEMO_026,T03,82.83863644106502,69.78447352928116
DEMO_026,T03,81.65063509461098,76.1639169216945
DEMO_026,T03,80.22542485937369,47.40882980584762
DEMO_026,T03,78.57862063693486,66.10683793031347
DEMO_026,T03,76.72826515897145,63.98127456999096
DEMO_026,T03,74.69463130731182,71.74580895942644
DEMO_026,T03,72.5,47.25760238195815
DEMO_026,T03,70.16841607689501,48.60052812651685
DEMO_026,T03,67.72542485937369,54.01718842869827
DEMO_026,T03,65.19779227044398,47.512685405133276
DEMO_026,T03,62.613211581691324,57.9067802898795
DEMO_026,T03,60.0,60.8529679704753
DEMO_026,T03,57.38678841830866,52.20935517423291
DEMO_026,T03,54.802207729556024,55.67707691096131
DEMO_026,T03,52.27457514062632,51.830576235684106
DEMO_026,T03,49.831583923104986,47.32465594675497
DEMO_026,T03,47.50000000000001,52.77419171714598
DEMO_026,T03,45.30536869268818,48.756144028047764
DEMO_026,T03,43.27173484102855,43.25312562072822
DEMO_026,T03,41.42137936306515,36.420616399315925
DEMO_026,T03,39.774575140626304,50.040103835176765
DEMO_026,T03,38.34936490538904,32.17092524282677
DEMO_026,T03,37.16136355893498,44.37668499439624
DEMO_026,T03,36.22358709262116,35.419491357432676
DEMO_026,T03,35.54630998165486,36.50585076924513
DEMO_026,T03,35.13695261579316,34.4574562847622
DEMO_026,T03,35.0,34.22444448798116
DEMO_026,T03,35.13695261579316,39.94163543534104
DEMO_026,T03,35.54630998165486,34.05049712916589
DEMO_026,T03,36.223587092621166,39.18174139572696
DEMO_026,T03,37.16136355893498,35.974628736024926
DEMO_026,T03,38.34936490538904,34.685779473276014
DEMO_026,T03,39.774575140626325,36.24917640076788
DEMO_026,T03,41.421379363065135,43.68441254425289
DEMO_026,T03,43.27173484102855,44.76139191216307
DEMO_026,T03,45.30536869268816,40.48178255723669
DEMO_026,T03,47.499999999999986,44.35942218265424
DEMO_026,T03,49.831583923105,50.68601433084103
DEMO_026,T03,52.27457514062633,52.78619165266719
DEMO_026,T03,54.802207729556045,52.401530586849276
DEMO_026,T03,57.38678841830866,53.335463487176796
DEMO_027,T01,62.61321158169134,60.806365632716286
DEMO_027,T01,65.19779227044398,57.110021192937396
DEMO_027,T01,67.72542485937369,59.47996013437565
DEMO_027,T01,70.168416076895,66.44069519677063
DEMO_027,T01,72.5,58.46689500256101
DEMO_027,T01,74.69463130731182,68.3245506967352
DEMO_027,T01,76.72826515897145,66.93645804983056
DEMO_027,T01,78.57862063693486,58.108086487541925
DEMO_027,T01,80.22542485937369,70.94994957405923
DEMO_027,T01,81.65063509461096,71.6909990570761
DEMO_027,T01,82.83863644106502,48.11820682805338
DEMO_027,T01,83.77641290737884,47.64067177503818
DEMO_027,T01,84.45369001834514,70.3406411047731
DEMO_027,T01,84.86304738420684,67.8999768127691
DEMO_027,T01,85.0,56.484739107431416
DEMO_027,T01,84.86304738420684,59.134585273926135
DEMO_027,T01,84.45369001834514,73.14744343308168
DEMO_027,T01,83.77641290737884,59.31773583168336
DEMO_027,T01,82.83863644106502,92.54503112229749
DEMO_027,T01,81.65063509461098,71.6703011005042
DEMO_027,T01,80.22542485937369,69.42984088845208
DEMO_027,T01,78.57862063693486,81.60374207970287
DEMO_027,T01,76.72826515897145,75.39385316886693
DEMO_027,T01,74.69463130731182,69.4644058316362
DEMO_027,T01,72.5,77.16672013821932
DEMO_027,T01,70.16841607689501,78.1849135023011
DEMO_027,T01,67.72542485937369,75.74149847711729
DEMO_027,T01,65.19779227044398,72.32798854640617
DEMO_027,T01,62.613211581691324,71.23393256127663
DEMO_027,T01,60.0,67.8600472912149
DEMO_027,T01,57.38678841830866,70.98261632393174
DEMO_027,T01,54.802207729556024,76.13224963407869
DEMO_027,T01,52.27457514062632,70.55300039068848
DEMO_027,T01,49.831583923104986,56.548897490118414
DEMO_027,T01,47.50000000000001,75.63500697356275
DEMO_027,T01,45.30536869268818,67.0346305370908
DEMO_027,T01,43.27173484102855,62.00677242462622
DEMO_027,T01,41.42137936306515,65.6346233131961
DEMO_027,T01,39.774575140626304,72.59885098333883
DEMO_027,T01,38.34936490538904,60.86338154980929
DEMO_027,T01,37.16136355893498,79.5958959096314
DEMO_027,T01,36.22358709262116,84.10882050128133
DEMO_027,T01,35.54630998165486,57.1578585955027
DEMO_027,T01,35.13695261579316,54.153186223984854
DEMO_027,T01,35.0,67.94598243806452
DEMO_027,T01,35.13695261579316,65.06483734251364
DEMO_027,T01,35.54630998165486,35.78159986186024
DEMO_027,T01,36.223587092621166,47.72752847320041
DEMO_027,T01,37.16136355893498,58.88090909429738
DEMO_027,T01,38.34936490538904,42.12103341801307
DEMO_027,T01,39.774575140626325,58.55776635924697
DEMO_027,T01,41.421379363065135,38.73186999780813
DEMO_027,T01,43.27173484102855,52.64171838854994
DEMO_027,T01,45.30536869268816,53.8443685183807
DEMO_027,T01,47.499999999999986,56.91938556986721
DEMO_027,T01,49.831583923105,52.93207668763385
DEMO_027,T01,52.27457514062633,61.191527298884466
DEMO_027,T01,54.802207729556045,53.99750555780983
DEMO_027,T01,57.38678841830866,60.89509904488824
DEMO_027,T02,62.61321158169134,54.06961987053094
DEMO_027,T02,65.19779227044398,60.79912258265656
DEMO_027,T02,67.72542485937369,49.22914835046553
DEMO_027,T02,70.168416076895,61.66413285791701
DEMO_027,T02,72.5,70.2226783956447
DEMO_027,T02,74.69463130731182,60.84463732692436
DEMO_027,T02,76.72826515897145,70.81020218829869
DEMO_027,T02,78.57862063693486,58.736087281720394
DEMO_027,T02,80.22542485937369,53.33155930833263
DEMO_027,T02,81.65063509461096,57.61419257173783
DEMO_027,T02,82.83863644106502,57.73615626394281
DEMO_027,T02,83.77641290737884,44.67130502502364
DEMO_027,T02,84.45369001834514,69.3793987147449
DEMO_027,T02,84.86304738420684,76.84057795303401
DEMO_027,T02,85.0,68.20882063950076
DEMO_027,T02,84.86304738420684,54.441111804382686
DEMO_027,T02,84.45369001834514,68.77414049585217
DEMO_027,T02,83.77641290737884,67.63868776364005
DEMO_027,T02,82.83863644106502,73.70423005577082
DEMO_027,T02,81.65063509461098,89.43915613298154
DEMO_027,T02,80.22542485937369,75.99107249915835
DEMO_027,T02,78.57862063693486,82.80668542150926
DEMO_027,T02,76.72826515897145,81.32631050141194
DEMO_027,T02,74.69463130731182,77.27366418680934
DEMO_027,T02,72.5,77.16225460586803
DEMO_027,T02,70.16841607689501,79.97080151606646
DEMO_027,T02,67.72542485937369,73.30761595017375
DEMO_027,T02,65.19779227044398,72.18459277918745
DEMO_027,T02,62.613211581691324,73.88746390460865
DEMO_027,T02,60.0,74.15802513044369
DEMO_027,T02,57.38678841830866,68.32034760819708
DEMO_027,T02,54.802207729556024,64.4319132089376
DEMO_027,T02,52.27457514062632,66.7990405868784
DEMO_027,T02,49.831583923104986,71.70665313739941
DEMO_027,T02,47.50000000000001,72.86771096139688
DEMO_027,T02,45.30536869268818,57.051183148144105
DEMO_027,T02,43.27173484102855,62.34463667544789
DEMO_027,T02,41.42137936306515,74.53388158464593
DEMO_027,T02,39.774575140626304,80.43815488703598
DEMO_027,T02,38.34936490538904,31.328747390576222
DEMO_027,T02,37.16136355893498,58.30205591051321
DEMO_027,T02,36.22358709262116,61.701321600122945
DEMO_027,T02,35.54630998165486,64.34735377614652
DEMO_027,T02,35.13695261579316,51.40503357759703
DEMO_027,T02,35.0,46.20529265912522
DEMO_027,T02,35.13695261579316,54.65908333151987
DEMO_027,T02,35.54630998165486,53.31283534689095
DEMO_027,T02,36.223587092621166,57.81249199723069
DEMO_027,T02,37.16136355893498,63.38507054245496
DEMO_027,T02,38.34936490538904,56.17492144335423
DEMO_027,T02,39.774575140626325,42.24661964486665
DEMO_027,T02,41.421379363065135,39.9669483174595
DEMO_027,T02,43.27173484102855,53.31148322604246
DEMO_027,T02,45.30536869268816,42.89832780133756
DEMO_027,T02,47.499999999999986,47.198100563646534
DEMO_027,T02,49.831583923105,46.559497103708125
DEMO_027,T02,52.27457514062633,60.80504704173873
DEMO_027,T02,54.802207729556045,63.50156195236287
DEMO_027,T02,57.38678841830866,57.80511735473255
DEMO_027,T03,62.61321158169134,55.49080851133353
DEMO_027,T03,65.19779227044398,52.331523229470626
DEMO_027,T03,67.72542485937369,54.92406356574957
DEMO_027,T03,70.168416076895,54.98698883290439
DEMO_027,T03,72.5,61.185606979754084
DEMO_027,T03,74.69463130731182,58.79391792615761
DEMO_027,T03,76.72826515897145,66.41365991904354
DEMO_027,T03,78.57862063693486,50.34330089965931
DEMO_027,T03,80.22542485937369,51.85780448671249
DEMO_027,T03,81.65063509461096,68.9714856014332
DEMO_027,T03,82.83863644106502,55.532552625464476
DEMO_027,T03,83.77641290737884,87.47488799945484
DEMO_027,T03,84.45369001834514,67.37695891935651
DEMO_027,T03,84.86304738420684,73.48346171878812
DEMO_027,T03,85.0,71.50264375093585
DEMO_027,T03,84.86304738420684,80.94290443484705
DEMO_027,T03,84.45369001834514,64.60114712291106
DEMO_027,T03,83.77641290737884,82.16594328184087
DEMO_027,T03,82.83863644106502,71.0142476186965
DEMO_027,T03,81.65063509461098,86.78813339466053
DEMO_027,T03,80.22542485937369,75.51993399332059
DEMO_027,T03,78.57862063693486,80.55861024013447
DEMO_027,T03,76.72826515897145,62.763451379924085
DEMO_027,T03,74.69463130731182,89.65515973034736
DEMO_027,T03,72.5,76.50811163970181
DEMO_027,T03,70.16841607689501,71.42095969820406
DEMO_027,T03,67.72542485937369,76.89039874178675
DEMO_027,T03,65.19779227044398,65.69555464237071
DEMO_027,T03,62.613211581691324,75.66403969122884
DEMO_027,T03,60.0,71.61519291023494
DEMO_027,T03,57.38678841830866,65.99617633263598
DEMO_027,T03,54.802207729556024,71.56001248474796
DEMO_027,T03,52.27457514062632,70.0497779101193
DEMO_027,T03,49.831583923104986,64.87335058376698
DEMO_027,T03,47.50000000000001,66.99876529807695
DEMO_027,T03,45.30536869268818,71.30214022667856
DEMO_027,T03,43.27173484102855,77.93022276883384
DEMO_027,T03,41.42137936306515,70.08133892616746
DEMO_027,T03,39.774575140626304,45.86626802855203
DEMO_027,T03,38.34936490538904,64.27060520139634
DEMO_027,T03,37.16136355893498,66.12762919207499
DEMO_027,T03,36.22358709262116,54.033875386389134
DEMO_027,T03,35.54630998165486,63.87877258726027
DEMO_027,T03,35.13695261579316,46.712367726285585
DEMO_027,T03,35.0,72.26435539477733
DEMO_027,T03,35.13695261579316,63.0942238249324
DEMO_027,T03,35.54630998165486,59.88493090796178
DEMO_027,T03,36.223587092621166,35.73495228518893
DEMO_027,T03,37.16136355893498,39.47960950353442
DEMO_027,T03,38.34936490538904,34.62865374684313
DEMO_027,T03,39.774575140626325,33.74753795258128
DEMO_027,T03,41.421379363065135,37.140679191284825
DEMO_027,T03,43.27173484102855,40.87922901026177
DEMO_027,T03,45.30536869268816,52.8630562812792
DEMO_027,T03,47.499999999999986,49.485657249456224
DEMO_027,T03,49.831583923105,48.247393992537994
DEMO_027,T03,52.27457514062633,59.15623619805474
DEMO_027,T03,54.802207729556045,58.8849722264005
DEMO_027,T03,57.38678841830866,57.74380971015654
